,Star_ID,time__sum_values,time__median,time__mean,time__length,time__standard_deviation,time__variance,time__root_mean_square,time__maximum,time__absolute_maximum,time__minimum,flux__sum_values,flux__median,flux__mean,flux__length,flux__standard_deviation,flux__variance,flux__root_mean_square,flux__maximum,flux__absolute_maximum,flux__minimum,flux_err__sum_values,flux_err__median,flux_err__mean,flux_err__length,flux_err__standard_deviation,flux_err__variance,flux_err__root_mean_square,flux_err__maximum,flux_err__absolute_maximum,flux_err__minimum,centroid_col__sum_values,centroid_col__median,centroid_col__mean,centroid_col__length,centroid_col__standard_deviation,centroid_col__variance,centroid_col__root_mean_square,centroid_col__maximum,centroid_col__absolute_maximum,centroid_col__minimum,centroid_row__sum_values,centroid_row__median,centroid_row__mean,centroid_row__length,centroid_row__standard_deviation,centroid_row__variance,centroid_row__root_mean_square,centroid_row__maximum,centroid_row__absolute_maximum,centroid_row__minimum,cadenceno__sum_values,cadenceno__median,cadenceno__mean,cadenceno__length,cadenceno__standard_deviation,cadenceno__variance,cadenceno__root_mean_square,cadenceno__maximum,cadenceno__absolute_maximum,cadenceno__minimum,quality__sum_values,quality__median,quality__mean,quality__length,quality__standard_deviation,quality__variance,quality__root_mean_square,quality__maximum,quality__absolute_maximum,quality__minimum,Boolean
1,TIC 169904935,234339264.3,2240.86578,2241.408554,104550,7.469776044,55.79755415,2241.421001,2254.071078,2254.071078,2228.755142,4118939412,39397.60547,39396.83799,104550,286.4240947,82038.76202,39397.87916,100266.3359,100266.3359,38805.64063,5034841.711,47.97631454,48.1572617,104550,1.430304968,2.045772303,48.17849756,88.30609894,88.30609894,47.64485931,22538546.8,215.5733839,215.5767269,104550,0.01840314,0.000338676,215.5767277,215.775403,215.775403,215.5167156,17294289.06,165.427374,165.4164424,104550,0.036575002,0.001337731,165.4164465,165.6095343,165.6095343,165.2284841,4.57956E+11,4377915.5,4380260.437,104550,32269.48207,1041319473,4380379.3,4434963,4434963,4325598,31806960,0,304.2272597,104550,2692.433491,7249198.102,2709.566815,33792,33792,0,0
1,TIC 231663901,24473032.27,1338.148836,1338.860565,18279,8.162776904,66.63092679,1338.885448,1353.180368,1353.180368,1325.300347,22313892.04,1221.376587,1220.739211,18279,12.67157799,160.5688889,1220.804976,1705.536865,1705.536865,1140.702271,83936.45809,4.582997322,4.591961163,18279,0.060958926,0.003715991,4.592365764,4.797793388,4.797793388,4.466750145,33809367.74,1849.625186,1849.628959,18279,0.013215764,0.000174656,1849.628959,1849.672973,1849.672973,1849.586802,27757124.78,1518.526404,1518.525345,18279,0.01011061,0.000102224,1518.525345,1518.55974,1518.55974,1518.480587,1466130977,79696,80208.48936,18279,5877.311668,34542792.44,80423.53236,90519,90519,70445,544,0,0.029760928,18279,3.790565988,14.36839051,3.790682817,512,512,0,0
1,TIC 114018671,1633197.611,1503.868503,1503.865204,1086,7.311769334,53.46197079,1503.882978,1516.076827,1516.076827,1491.660026,85810954.33,79016.90625,79015.61172,1086,34.29667424,1176.261864,79015.61916,79094.21094,79094.21094,78940.78906,8575.173726,7.896080256,7.896108403,1086,0.006734246,4.53501E-05,7.896111275,7.974297047,7.974297047,7.891215801,579507.7669,533.616225,533.6167283,1086,0.002596373,6.74115E-06,533.6167283,533.6299179,533.6299179,533.6073888,99578.71808,91.69192453,91.69311057,1086,0.012989392,0.000168724,91.69311149,91.71891776,91.71891776,91.66928548,14407791,13267,13266.84254,1086,350.963011,123175.0351,13271.48394,13853,13853,12681,0,0,0,1086,0,0,0,0,0,0,0
1,TIC 291555748,1633195.939,1503.866953,1503.863664,1086,7.311792392,53.46230799,1503.881439,1516.07535,1516.07535,1491.658472,9334873.19,8591.736328,8595.647505,1086,24.53773812,602.1005919,8595.682529,8657.291992,8657.291992,8536.886719,3018.974545,2.778227925,2.779902896,1086,0.010636288,0.000113131,2.779923244,2.909104347,2.909104347,2.771566629,907362.7545,835.5103486,835.5089821,1086,0.007115028,5.06236E-05,835.5089821,835.518993,835.518993,835.4910831,1362491.846,1254.597973,1254.596543,1086,0.018901499,0.000357267,1254.596543,1254.629341,1254.629341,1254.553825,14407791,13267,13266.84254,1086,350.963011,123175.0351,13271.48394,13853,13853,12681,512,0,0.47145488,1086,15.52941174,241.162629,15.5365665,512,512,0,0
1,TIC 238374636,1633195.885,1503.866903,1503.863614,1086,7.311866909,53.46339769,1503.881389,1516.075425,1516.075425,1491.658299,22396034.74,20624.625,20622.49976,1086,28.2846585,800.0219065,20622.51916,20677.78516,20677.78516,20512.88086,4585.769536,4.220930338,4.222623882,1086,0.012501424,0.000156286,4.222642387,4.39415741,4.39415741,4.212199688,2034243.887,1873.153783,1873.15275,1086,0.007341077,5.38914E-05,1873.15275,1873.165232,1873.165232,1873.136564,1307195.757,1203.681437,1203.679334,1086,0.022165968,0.00049133,1203.679334,1203.717216,1203.717216,1203.627889,14407791,13267,13266.84254,1086,350.963011,123175.0351,13271.48394,13853,13853,12681,3584,0,3.300184162,1086,40.97319948,1678.803075,41.1058912,512,512,0,0
1,TIC 388624270,1287077.034,1526.231832,1528.595052,842,8.018464016,64.29576518,1528.616083,1541.992317,1541.992317,1517.408789,14857801.63,17614.67578,17645.84516,842,64.4552772,4154.482759,17645.96288,17824.03516,17824.03516,17500.75586,3317.344634,3.923413038,3.939839232,842,0.083726014,0.007010045,3.940728768,4.973983765,4.973983765,3.912377357,603519.1945,716.779663,716.7686395,842,0.028315495,0.000801767,716.7686401,716.8002592,716.8002592,716.6983643,1558436.069,1850.875947,1850.874191,842,0.024014737,0.000576708,1850.874192,1850.908627,1850.908627,1850.825638,12170213,14340.5,14453.93468,842,384.8833297,148135.1774,14459.05816,15097,15097,13917,192512,0,228.6365796,842,2057.108109,4231693.771,2069.774977,32768,32768,0,0
1,TIC 361413119,1766027.688,1555.388022,1555.971531,1135,7.384445904,54.5300413,1555.989054,1568.450663,1568.450663,1543.32529,16985878.72,14963.49902,14965.53191,1135,30.31766788,919.1609855,14965.56262,15450.38086,15450.38086,14883.98828,4128.899203,3.594542265,3.637796654,1135,0.187492684,0.035153507,3.642625153,6.535957813,6.535957813,3.586131334,1609810.393,1418.336228,1418.335148,1135,0.011638137,0.000135446,1418.335148,1418.356275,1418.356275,1418.299808,1985425.599,1749.275544,1749.273655,1135,0.016221906,0.00026315,1749.273655,1749.300586,1749.300586,1749.232455,17896690,15740,15768.00881,1135,354.4481694,125633.5048,15771.99212,16367,16367,15161,303104,0,267.0519824,1135,1011.201344,1022528.159,1045.870413,4096,4096,0,0
1,TIC 463402815,239009687.4,2293.914196,2293.450855,104214,7.380315414,54.46905561,2293.46273,2305.99289,2305.99289,2280.905505,2478954215,23785.68359,23787.15158,104214,98.17050481,9637.448014,23787.35415,24441.20898,24441.20898,23082.73828,4097836.001,38.82018852,39.32135798,104214,2.043854576,4.177341528,39.37444012,72.28145599,72.28145599,38.37890625,85741293.26,822.7425948,822.7425611,104214,0.011326437,0.000128288,822.7425612,822.8163749,822.8163749,822.6624244,148516186.5,1425.107646,1425.107821,104214,0.015216629,0.000231546,1425.107821,1425.194193,1425.194193,1425.012694,4.79915E+11,4607094.5,4605092.972,104214,31882.51859,1016494992,4605203.337,4659274,4659274,4550898,102304384,0,981.6760128,104214,4843.869614,23463072.84,4942.343638,33792,33792,0,0
1,TIC 370745311,1766027.149,1555.387541,1555.971057,1135,7.384488529,54.53067084,1555.98858,1568.450268,1568.450268,1543.324751,16265040.02,14330.7959,14330.43173,1135,28.71353418,824.4670453,14330.4605,14416.42676,14416.42676,14248.43359,4012.644735,3.506880999,3.535369811,1135,0.135358465,0.018321914,3.537960092,5.619326591,5.619326591,3.499405384,2337580.038,2059.542557,2059.541884,1135,0.013266987,0.000176013,2059.541884,2059.567572,2059.567572,2059.505441,1015351.198,894.5849078,894.582553,1135,0.02010773,0.000404321,894.5825532,894.6152922,894.6152922,894.5287492,17896690,15740,15768.00881,1135,354.4481694,125633.5048,15771.99212,16367,16367,15161,868352,0,765.0678414,1135,4370.798526,19103879.75,4437.252366,32768,32768,0,0
1,TIC 144065872,24473036.98,1338.149078,1338.860823,18279,8.162963317,66.63397011,1338.885707,1353.180947,1353.180947,1325.300292,429377030.7,23500.5918,23490.18167,18279,72.18383145,5210.505523,23490.29258,26348.64063,26348.64063,23032.52344,317743.7464,17.38190079,17.38299395,18279,0.090163849,0.00812952,17.38322778,17.69734955,17.69734955,17.17024231,30402138.92,1663.227622,1663.227689,18279,0.00559062,3.1255E-05,1663.227689,1663.340579,1663.340579,1663.132042,18119806.73,991.2957464,991.29092,18279,0.025829771,0.000667177,991.2909203,991.3780254,991.3780254,991.1890754,1466130977,79696,80208.48936,18279,5877.311668,34542792.44,80423.53236,90519,90519,70445,544,0,0.029760928,18279,3.790565988,14.36839051,3.790682817,512,512,0,0
1,TIC 259863352,24472983.22,1338.146106,1338.857881,18279,8.162954822,66.63383143,1338.882766,1353.178039,1353.178039,1325.29741,4074535487,222922.9688,222908.0085,18279,115.8063948,13411.12108,222908.0386,225712.9219,225712.9219,221614.6406,922360.2459,50.46253967,50.46010427,18279,0.094709804,0.008969947,50.46019315,50.65060043,50.65060043,50.29664612,5727825.599,313.3555371,313.3555226,18279,0.007043874,4.96162E-05,313.3555227,313.3989336,313.3989336,313.2212753,18974934.38,1038.079665,1038.072891,18279,0.027897266,0.000778257,1038.072892,1038.183647,1038.183647,1037.978756,1466130977,79696,80208.48936,18279,5877.311668,34542792.44,80423.53236,90519,90519,70445,2576,0,0.140926747,18279,8.467613268,71.70047446,8.468785911,512,512,0,0
1,TIC 317060587,24473003.07,1338.147221,1338.858967,18279,8.162784433,66.6310497,1338.883851,1353.17881,1353.17881,1325.298762,723688611,39592.36328,39591.25833,18279,40.38136811,1630.65489,39591.27892,42408.12109,42408.12109,39408.25781,403040.188,22.04027557,22.04935653,18279,0.070955294,0.005034654,22.0494707,22.28961372,22.28961372,21.93963432,32700419.88,1788.960418,1788.961096,18279,0.007806621,6.09433E-05,1788.961096,1789.067531,1789.067531,1788.925589,18936413.56,1035.963811,1035.96551,18279,0.020721674,0.000429388,1035.96551,1036.049071,1036.049071,1035.87369,1466130977,79696,80208.48936,18279,5877.311668,34542792.44,80423.53236,90519,90519,70445,544,0,0.029760928,18279,3.790565988,14.36839051,3.790682817,512,512,0,0
1,TIC 320004517,32431206.58,1668.639391,1668.186132,19441,8.369549732,70.04936272,1668.207127,1682.361559,1682.361559,1653.925272,1725328981,88751.4375,88746.9256,19441,100.7792214,10156.45147,88746.98282,95295.74219,95295.74219,88309.72656,629264.4757,32.33605194,32.36790678,19441,0.161803504,0.026180374,32.3683112,32.97760391,32.97760391,32.1398201,28697624.6,1476.141411,1476.139324,19441,0.009648282,9.30893E-05,1476.139324,1476.167943,1476.167943,1476.091198,8830143.205,454.1879791,454.2021092,19441,0.040253951,0.001620381,454.202111,454.2951193,454.2951193,454.113362,6169070511,317649,317322.6949,19441,6026.038401,36313138.81,317379.9077,327529,327529,307055,18155552,0,933.8795329,19441,2603.424502,6777819.14,2765.85432,8704,8704,0,0
1,TIC 323132914,28002051.09,1583.132169,1582.752153,17692,7.657791994,58.64177822,1582.770678,1595.681686,1595.681686,1569.438134,453996422.6,25642.98535,25661.11364,17692,99.41768517,9883.876125,25661.30623,26260.52539,26260.52539,25490.04883,333342.4274,18.10996628,18.8414214,17692,2.09924428,4.406826545,18.95800588,29.06766701,29.06766701,18.05306816,2925682.492,165.3648525,165.3675386,17692,0.0131104,0.000171883,165.3675391,165.4025603,165.4025603,165.3218787,1219086.594,68.90823919,68.90609279,17692,0.037481887,0.001404892,68.90610299,69.00830375,69.00830375,68.82501799,4525841784,256086.5,255812.8976,17692,5513.50584,30398746.64,255872.3067,265122,265122,246227,36037120,0,2036.91612,17692,5737.412327,32917900.21,6088.261451,32768,32768,0,0
1,TIC 380783252,32431199.44,1668.639008,1668.185764,19441,8.369368493,70.04632897,1668.206759,1682.360891,1682.360891,1653.925218,410496030.2,21146.03906,21114.96478,19441,302.2183247,91335.91577,21117.12749,23518.10938,23518.10938,20278.06836,315751.6872,16.23307991,16.24153527,19441,0.214574837,0.04604236,16.24295264,17.05283165,17.05283165,15.80961132,29871070.16,1536.496257,1536.498645,19441,0.013881782,0.000192704,1536.498645,1536.527387,1536.527387,1536.44068,27809073.14,1430.422752,1430.434296,19441,0.02282534,0.000520996,1430.434296,1430.491667,1430.491667,1430.36873,6169070511,317649,317322.6949,19441,6026.038401,36313138.81,317379.9077,327529,327529,307055,18155552,0,933.8795329,19441,2603.424502,6777819.14,2765.85432,8704,8704,0,0
1,TIC 101230735,32431209.62,1668.639553,1668.186288,19441,8.369620876,70.0505536,1668.207283,1682.361833,1682.361833,1653.925304,416794328.5,21040.51563,21438.93465,19441,3943.681289,15552622.11,21798.63622,83968.96094,83968.96094,20888.02734,335513.3206,16.55874825,17.25802791,19441,2.333576479,5.445579181,17.41508273,31.30607986,31.30607986,16.19621086,30649672.22,1576.549215,1576.548131,19441,0.017231627,0.000296929,1576.548131,1576.61149,1576.61149,1576.388707,6835185.99,351.6084818,351.5861319,19441,0.048774279,0.00237893,351.5861353,351.6791758,351.6791758,351.481509,6169070511,317649,317322.6949,19441,6026.038401,36313138.81,317379.9077,327529,327529,307055,26512176,0,1363.724911,19441,3819.374969,14587625.16,4055.53582,12288,12288,0,0
1,TIC 299799658,24472983.36,1338.146123,1338.857889,18279,8.162863765,66.63234484,1338.882773,1353.177888,1353.177888,1325.297569,465088741.5,25450.08984,25443.88322,18279,46.18889474,2133.413998,25443.92515,27961.14453,27961.14453,25292.4043,329510.7339,18.03072739,18.02673745,18279,0.099856897,0.0099714,18.02701402,18.28885269,18.28885269,17.82844162,24585497.48,1345.012712,1345.013265,18279,0.005906864,3.4891E-05,1345.013265,1345.04972,1345.04972,1344.893896,19494663.21,1066.512323,1066.506002,18279,0.028094343,0.000789292,1066.506003,1066.611741,1066.611741,1066.409471,1466130977,79696,80208.48936,18279,5877.311668,34542792.44,80423.53236,90519,90519,70445,1552,0,0.084906176,18279,6.559770871,43.03059388,6.560320338,512,512,0,0
1,TIC 406976746,30936387.63,1638.577566,1639.013914,18875,8.243332204,67.95252583,1639.034644,1652.894244,1652.894244,1624.957955,695355564.3,36900.72266,36840.0299,18875,223.009266,49733.13273,36840.70488,39999.74219,39999.74219,36294.80859,407749.0154,21.36356926,21.60259684,18875,0.510013403,0.260113672,21.60861643,23.59648323,23.59648323,21.16085243,29041284.36,1538.609328,1538.611092,18875,0.01411515,0.000199237,1538.611092,1538.649382,1538.649382,1538.580122,23707783.34,1256.03982,1256.041502,18875,0.012153856,0.000147716,1256.041502,1256.078208,1256.078208,1255.995481,5593043602,296006,296320.1908,18875,5935.16134,35226140.13,296379.6242,306314,306314,286200,60647488,0,3213.111947,18875,7829.478627,61300735.57,8463.145039,40960,40960,0,0
1,TIC 201604954,32431207.27,1668.639422,1668.186167,19441,8.369483002,70.04824571,1668.207162,1682.361481,1682.361481,1653.92542,47125839.9,2421.175537,2424.044026,19441,36.82585217,1356.143388,2424.323737,6507.522949,6507.522949,2285.253418,134020.4973,6.872942924,6.893703887,19441,0.249395729,0.06219823,6.898213646,21.95718765,21.95718765,6.567838669,2580037.749,132.7107102,132.7111645,19441,0.011182954,0.000125058,132.711165,132.808961,132.808961,132.6701131,7324179.907,376.7279614,376.7388461,19441,0.027836047,0.000774846,376.7388471,376.823672,376.823672,376.6778878,6169070511,317649,317322.6949,19441,6026.038401,36313138.81,317379.9077,327529,327529,307055,18399776,0,946.4418497,19441,2608.736259,6805504.872,2775.11388,8192,8192,0,0
1,TIC 6663331,32431212.4,1668.63969,1668.186431,19441,8.369485798,70.04829252,1668.207426,1682.361745,1682.361745,1653.925675,13239710.49,579.7729492,681.0200345,19441,1246.359482,1553411.958,1420.281749,21306.22461,21306.22461,165.6644592,100266.6288,4.62998867,5.157483093,19441,1.969064729,3.877215908,5.520584005,15.99842834,15.99842834,3.875061512,39903402.77,2052.536729,2052.538592,19441,0.022445337,0.000503793,2052.538592,2053.509612,2053.509612,2051.709162,13363190.99,687.3809299,687.3715853,19441,0.03561116,0.001268155,687.3715863,687.937503,687.937503,686.1789331,6169070511,317649,317322.6949,19441,6026.038401,36313138.81,317379.9077,327529,327529,307055,29030560,0,1493.26475,19441,3851.04802,14830570.85,4130.424974,12288,12288,0,0
1,TIC 120247528,32431203.45,1668.639221,1668.185971,19441,8.369441148,70.04754513,1668.206966,1682.361217,1682.361217,1653.925298,59186148.72,3044.783203,3044.39837,19441,17.39971497,302.7500811,3044.448092,4549.623047,4549.623047,2993.770996,139962.8179,7.158686638,7.199363092,19441,0.227133816,0.05158977,7.202945141,7.901741505,7.901741505,6.897247314,12435558.5,639.6544641,639.6563193,19441,0.014042627,0.000197195,639.6563194,639.7327373,639.7327373,639.6082739,18808110.36,967.4323013,967.4456231,19441,0.029535339,0.000872336,967.4456235,967.515775,967.515775,967.3718264,6169070511,317649,317322.6949,19441,6026.038401,36313138.81,317379.9077,327529,327529,307055,18154016,0,933.8005247,19441,2603.362203,6777494.759,2765.769003,8192,8192,0,0
1,TIC 140830390,29290724.55,1611.001369,1610.530849,18187,7.94691204,63.15341098,1610.550455,1623.891809,1623.891809,1596.77757,61217164.87,3370.115723,3365.984762,18187,42.17125226,1778.414517,3366.248926,3535.689941,3535.689941,3247.283203,140696.999,6.989047527,7.736130149,18187,1.967241786,3.870040246,7.982339878,20.31653404,20.31653404,6.865911961,14807721.57,814.1954302,814.1926412,18187,0.010864273,0.000118032,814.1926412,814.2331727,814.2331727,814.161637,31820122.47,1749.609938,1749.608097,18187,0.015702905,0.000246581,1749.608097,1749.646943,1749.646943,1749.553849,5016233378,276153,275814.2287,18187,5721.702555,32737880.13,275873.5701,285434,285434,265912,69083136,0,3798.48991,18187,5240.721468,27465161.51,6472.533284,12288,12288,0,0
1,TIC 327301957,32431181.83,1668.638102,1668.184858,19441,8.369562274,70.04957266,1668.205854,1682.360327,1682.360327,1653.923998,163200421.8,8393.594727,8394.651604,19441,88.29823662,7796.578591,8395.115969,18766.62305,18766.62305,8323.107422,234892.4685,11.93217754,12.08232439,19441,0.878046206,0.77096514,12.11418705,14.79776192,14.79776192,11.04109573,15967472.72,821.3290419,821.3298039,19441,0.006383246,4.07458E-05,821.3298039,821.3596718,821.3596718,821.2020323,8952089.516,460.4826172,460.4747449,19441,0.017196944,0.000295735,460.4747452,460.7213479,460.7213479,460.4190654,6169070511,317649,317322.6949,19441,6026.038401,36313138.81,317379.9077,327529,327529,307055,24224304,0,1246.042076,19441,3391.798498,11504297.05,3613.435748,12288,12288,0,0
1,TIC 360742636,32431205.5,1668.639335,1668.186076,19441,8.369557662,70.04949545,1668.207071,1682.361517,1682.361517,1653.925204,87967100.96,4526.893066,4524.823875,19441,79.86145208,6377.851529,4525.528583,15079.02441,15079.02441,4413.219238,169388.4579,8.655913353,8.712949842,19441,0.313094242,0.098028004,8.718573447,13.18342209,13.18342209,8.320610046,26838148.55,1380.493326,1380.492184,19441,0.006343031,4.0234E-05,1380.492184,1380.513133,1380.513133,1380.46162,12138619.78,624.3711382,624.3824795,19441,0.031041985,0.000963605,624.3824803,624.466485,624.466485,624.3129164,6169070511,317649,317322.6949,19441,6026.038401,36313138.81,317379.9077,327529,327529,307055,19497504,0,1002.906435,19441,2838.828262,8058945.903,3010.775186,12288,12288,0,0
1,NGTS-11,1228569.712,1396.755885,1396.101945,880,6.052024583,36.62700155,1396.115063,1406.203773,1406.203773,1385.974493,2493607.885,2834.356567,2833.645324,880,10.48282401,109.8895993,2833.664714,2852.392578,2852.392578,2799.238281,1525.258952,1.711962938,1.733248809,880,0.082006984,0.006725145,1.735187764,2.151280642,2.151280642,1.703734279,706554.39,802.9083123,802.9027159,880,0.006789876,4.61024E-05,802.902716,802.9116411,802.9116411,802.8939868,1161829.384,1320.25409,1320.260664,880,0.028513381,0.000813013,1320.260664,1320.310302,1320.310302,1320.213891,7122819,8125.5,8094.1125,880,290.4953995,84387.57712,8099.323721,8579,8579,7608,221184,0,251.3454545,880,983.0241321,966336.4443,1014.648206,4096,4096,0,1
1,HD 221416,25030025.66,1367.053331,1367.760965,18300,8.11971153,65.92971534,1367.785066,1381.51916,1381.51916,1354.113598,3247072601,177420.625,177435.6613,18300,117.7850579,13873.31986,177435.7004,178021.7813,178021.7813,177067.0469,826199.4876,45.13794136,45.14751299,18300,0.042604,0.001815101,45.14753309,45.36961365,45.36961365,45.07997131,35078299.07,1916.847565,1916.846944,18300,0.006855897,4.70033E-05,1916.846944,1916.892191,1916.892191,1916.77823,36030040.65,1968.861473,1968.85468,18300,0.056807994,0.003227148,1968.854681,1968.957999,1968.957999,1968.716602,1848593439,100506.5,101016.0349,18300,5846.190686,34177945.53,101185.0644,110922,110922,91190,2560,0,0.13989071,18300,8.461942703,71.6044743,8.463098943,512,512,0,1
1,HD 15337,18904326.36,1396.70425,1396.080523,13541,6.041218513,36.49632112,1396.093594,1406.218209,1406.218209,1385.940146,976306722.1,72104.30469,72100.04594,13541,45.2408231,2046.732075,72100.06014,72345.19531,72345.19531,71754.22656,397615.8119,29.2951622,29.36384402,13541,0.274167531,0.075167835,29.36512394,30.94470787,30.94470787,29.22758293,7209685.079,532.4336641,532.4337256,13541,0.008097217,6.55649E-05,532.4337257,532.4642167,532.4642167,532.2304575,24340819.53,1797.56296,1797.564399,13541,0.015852799,0.000251311,1797.564399,1797.628697,1797.628697,1797.50431,1643971351,121856,121406.9383,13541,4349.614586,18919147.04,121484.8295,128706,128706,114106,16752640,0,1237.178938,13541,6235.018555,38875456.38,6356.57676,32768,32768,0,1
1,HD 15337,18904326.36,1396.70425,1396.080523,13541,6.041218513,36.49632112,1396.093594,1406.218209,1406.218209,1385.940146,976306722.1,72104.30469,72100.04594,13541,45.2408231,2046.732075,72100.06014,72345.19531,72345.19531,71754.22656,397615.8119,29.2951622,29.36384402,13541,0.274167531,0.075167835,29.36512394,30.94470787,30.94470787,29.22758293,7209685.079,532.4336641,532.4337256,13541,0.008097217,6.55649E-05,532.4337257,532.4642167,532.4642167,532.2304575,24340819.53,1797.56296,1797.564399,13541,0.015852799,0.000251311,1797.564399,1797.628697,1797.628697,1797.50431,1643971351,121856,121406.9383,13541,4349.614586,18919147.04,121484.8295,128706,128706,114106,16752640,0,1237.178938,13541,6235.018555,38875456.38,6356.57676,32768,32768,0,1
1,TOI-2202,34375104.79,2047.948202,2048.453894,16781,7.185309939,51.62867891,2048.466495,2060.642704,2060.642704,2036.280039,36955388.52,2201.614746,2202.216109,16781,13.33340242,177.77962,2202.256472,2245.055908,2245.055908,2144.737305,108788.3513,6.453671455,6.482828873,16781,0.292110145,0.085328337,6.489406639,7.063886166,7.063886166,6.027344227,12541172.03,747.3436489,747.343545,16781,0.00411418,1.69265E-05,747.343545,747.3665062,747.3665062,747.3305316,6217351.684,370.4984472,370.4994747,16781,0.007569822,5.73022E-05,370.4994747,370.5232759,370.5232759,370.4759212,9919552849,590754,591118.1008,16781,5173.387747,26763940.78,591140.7387,599894,599894,582353,0,0,0,16781,0,0,0,0,0,0,1
1,HD 18599,25029964.82,1367.049961,1367.75764,18300,8.119811926,65.93134571,1367.781742,1381.516056,1381.516056,1354.110157,1489500161,81337.67188,81393.4514,18300,262.8207492,69074.74623,81393.87572,84015.73438,84015.73438,80887.86719,561300.5753,30.66004181,30.67216259,18300,0.058552867,0.003428438,30.67221847,30.85854721,30.85854721,30.5584774,24778344.53,1354.008009,1354.007898,18300,0.01104016,0.000121885,1354.007898,1354.045258,1354.045258,1353.954534,32899352.53,1797.779495,1797.778827,18300,0.022383804,0.000501035,1797.778827,1797.859619,1797.859619,1797.692198,1848593439,100506.5,101016.0349,18300,5846.190686,34177945.53,101185.0644,110922,110922,91190,1040,0,0.056830601,18300,5.353538721,28.66037684,5.353840356,512,512,0,1
1,TOI-1246,31262020.58,1696.342713,1696.809628,18424,7.89444125,62.32220264,1696.827992,1710.2031,1710.2031,1683.353195,88012899.4,4777.115967,4777.078778,18424,9.826442409,96.55897041,4777.088884,4826.711914,4826.711914,4733.502441,184924.4735,9.995959759,10.03715119,18424,0.164084792,0.026923819,10.03849231,10.49778748,10.49778748,9.775432587,5585961.918,303.189293,303.1894224,18424,0.004365077,1.90539E-05,303.1894224,303.2107824,303.2107824,303.1690387,36752089.46,1994.794465,1994.794261,18424,0.009229457,8.51829E-05,1994.794261,1994.82693,1994.82693,1994.758802,6226126923,337599.5,337935.6775,18424,5684.017755,32308057.84,337983.4762,347579,347579,328247,24445440,0,1326.825879,18424,6458.797652,41716067.11,6593.673788,32768,32768,0,1
1,TOI-1246,31262020.58,1696.342713,1696.809628,18424,7.89444125,62.32220264,1696.827992,1710.2031,1710.2031,1683.353195,88012899.4,4777.115967,4777.078778,18424,9.826442409,96.55897041,4777.088884,4826.711914,4826.711914,4733.502441,184924.4735,9.995959759,10.03715119,18424,0.164084792,0.026923819,10.03849231,10.49778748,10.49778748,9.775432587,5585961.918,303.189293,303.1894224,18424,0.004365077,1.90539E-05,303.1894224,303.2107824,303.2107824,303.1690387,36752089.46,1994.794465,1994.794261,18424,0.009229457,8.51829E-05,1994.794261,1994.82693,1994.82693,1994.758802,6226126923,337599.5,337935.6775,18424,5684.017755,32308057.84,337983.4762,347579,347579,328247,24445440,0,1326.825879,18424,6458.797652,41716067.11,6593.673788,32768,32768,0,1
1,TOI-1246,31262020.58,1696.342713,1696.809628,18424,7.89444125,62.32220264,1696.827992,1710.2031,1710.2031,1683.353195,88012899.4,4777.115967,4777.078778,18424,9.826442409,96.55897041,4777.088884,4826.711914,4826.711914,4733.502441,184924.4735,9.995959759,10.03715119,18424,0.164084792,0.026923819,10.03849231,10.49778748,10.49778748,9.775432587,5585961.918,303.189293,303.1894224,18424,0.004365077,1.90539E-05,303.1894224,303.2107824,303.2107824,303.1690387,36752089.46,1994.794465,1994.794261,18424,0.009229457,8.51829E-05,1994.794261,1994.82693,1994.82693,1994.758802,6226126923,337599.5,337935.6775,18424,5684.017755,32308057.84,337983.4762,347579,347579,328247,24445440,0,1326.825879,18424,6458.797652,41716067.11,6593.673788,32768,32768,0,1
1,TOI-1246,31262020.58,1696.342713,1696.809628,18424,7.89444125,62.32220264,1696.827992,1710.2031,1710.2031,1683.353195,88012899.4,4777.115967,4777.078778,18424,9.826442409,96.55897041,4777.088884,4826.711914,4826.711914,4733.502441,184924.4735,9.995959759,10.03715119,18424,0.164084792,0.026923819,10.03849231,10.49778748,10.49778748,9.775432587,5585961.918,303.189293,303.1894224,18424,0.004365077,1.90539E-05,303.1894224,303.2107824,303.2107824,303.1690387,36752089.46,1994.794465,1994.794261,18424,0.009229457,8.51829E-05,1994.794261,1994.82693,1994.82693,1994.758802,6226126923,337599.5,337935.6775,18424,5684.017755,32308057.84,337983.4762,347579,347579,328247,24445440,0,1326.825879,18424,6458.797652,41716067.11,6593.673788,32768,32768,0,1
1,TOI-2048,29274962.03,1750.340887,1750.999583,16719,7.318439953,53.55956334,1751.014877,1763.31712,1763.31712,1738.650827,119700383.8,7161.651855,7159.542067,16719,23.77965764,565.4721175,7159.581557,7236.487305,7236.487305,7073.092285,263183.1213,15.61155605,15.74155879,16719,0.393393152,0.154758172,15.74647361,17.73771286,17.73771286,15.40807056,9301781.114,556.3613437,556.3598968,16719,0.00934897,8.74032E-05,556.3598968,556.3952005,556.3952005,556.3237401,792257.2397,47.38384677,47.38664033,16719,0.024505783,0.000600533,47.38664666,47.4421495,47.4421495,47.32188075,6302281589,376479,376953.2621,16719,5269.356868,27766121.81,376990.09,385822,385822,368062,7372800,0,440.9833124,16719,1269.567393,1611801.366,1343.974571,4096,4096,0,1
1,HIP 97166,31262029.82,1696.343208,1696.810129,18424,7.89461309,62.32491583,1696.828495,1710.203884,1710.203884,1683.353396,638358581.6,34676.97852,34648.20786,18424,79.7617896,6361.943081,34648.29966,34845.73828,34845.73828,34391.87109,475411.1885,25.77016544,25.80390732,18424,0.145411681,0.021144557,25.80431703,26.2449894,26.2449894,25.51729012,35438213.88,1923.480825,1923.480996,18424,0.011435158,0.000130763,1923.480996,1923.515934,1923.515934,1923.448108,25083006.54,1361.429634,1361.431098,18424,0.010625555,0.000112902,1361.431098,1361.472067,1361.472067,1361.394941,6226126923,337599.5,337935.6775,18424,5684.017755,32308057.84,337983.4762,347579,347579,328247,512,0,0.027789839,18424,3.771952474,14.22762547,3.772054843,512,512,0,1
1,TOI-220,24472944.24,1338.14395,1338.855749,18279,8.162967885,66.63404469,1338.880634,1353.175965,1353.175965,1325.295291,375220218.3,20527.90625,20527.39309,18279,25.60248387,655.4871804,20527.40906,22446.69141,22446.69141,20273.83008,299456.2164,16.45133209,16.38252729,18279,0.202579264,0.041038358,16.38377975,17.08099937,17.08099937,15.98394585,8101274.979,443.201349,443.2012134,18279,0.006298211,3.96675E-05,443.2012134,443.2394885,443.2394885,443.06931,26818268.55,1467.164435,1467.162785,18279,0.028944609,0.00083779,1467.162785,1467.24831,1467.24831,1467.068043,1466130977,79696,80208.48936,18279,5877.311668,34542792.44,80423.53236,90519,90519,70445,1536,0,0.084030855,18279,6.558714555,43.01673662,6.559252839,512,512,0,1
1,TOI-125,24472994.65,1338.146733,1338.858507,18279,8.163002577,66.63461107,1338.883391,1353.178737,1353.178737,1325.297946,226772377.3,12406.37207,12406.16978,18279,23.16484339,536.6099694,12406.1914,14137.45605,14137.45605,12309.43457,234939.8627,12.80657291,12.8529932,18279,0.159182368,0.025339026,12.85397889,13.41907501,13.41907501,12.67402077,22291006.91,1219.488077,1219.487221,18279,0.008747693,7.65221E-05,1219.487221,1219.61748,1219.61748,1219.44111,36643414.02,2004.670396,2004.672795,18279,0.023168237,0.000536767,2004.672795,2004.75375,2004.75375,2004.584908,1466130977,79696,80208.48936,18279,5877.311668,34542792.44,80423.53236,90519,90519,70445,544,0,0.029760928,18279,3.790565988,14.36839051,3.790682817,512,512,0,1
1,TOI-125,24472994.65,1338.146733,1338.858507,18279,8.163002577,66.63461107,1338.883391,1353.178737,1353.178737,1325.297946,226772377.3,12406.37207,12406.16978,18279,23.16484339,536.6099694,12406.1914,14137.45605,14137.45605,12309.43457,234939.8627,12.80657291,12.8529932,18279,0.159182368,0.025339026,12.85397889,13.41907501,13.41907501,12.67402077,22291006.91,1219.488077,1219.487221,18279,0.008747693,7.65221E-05,1219.487221,1219.61748,1219.61748,1219.44111,36643414.02,2004.670396,2004.672795,18279,0.023168237,0.000536767,2004.672795,2004.75375,2004.75375,2004.584908,1466130977,79696,80208.48936,18279,5877.311668,34542792.44,80423.53236,90519,90519,70445,544,0,0.029760928,18279,3.790565988,14.36839051,3.790682817,512,512,0,1
1,TOI-125,24472994.65,1338.146733,1338.858507,18279,8.163002577,66.63461107,1338.883391,1353.178737,1353.178737,1325.297946,226772377.3,12406.37207,12406.16978,18279,23.16484339,536.6099694,12406.1914,14137.45605,14137.45605,12309.43457,234939.8627,12.80657291,12.8529932,18279,0.159182368,0.025339026,12.85397889,13.41907501,13.41907501,12.67402077,22291006.91,1219.488077,1219.487221,18279,0.008747693,7.65221E-05,1219.487221,1219.61748,1219.61748,1219.44111,36643414.02,2004.670396,2004.672795,18279,0.023168237,0.000536767,2004.672795,2004.75375,2004.75375,2004.584908,1466130977,79696,80208.48936,18279,5877.311668,34542792.44,80423.53236,90519,90519,70445,544,0,0.029760928,18279,3.790565988,14.36839051,3.790682817,512,512,0,1
1,TOI-3693,1958348.257,1777.775556,1777.085533,1102,7.395785942,54.6976497,1777.100922,1789.681851,1789.681851,1764.723207,3828362.344,3474.853882,3474.013016,1102,25.305863,640.3867024,3474.105183,3519.06665,3519.06665,3339.304932,3030.404576,2.352703452,2.749913408,1102,0.96252987,0.926463751,2.913500902,8.259654045,8.259654045,2.317937613,1599336.056,1451.300901,1451.303136,1102,0.008631877,7.45093E-05,1451.303136,1451.31818,1451.31818,1451.291671,2139722.907,1941.676441,1941.67233,1102,0.021416588,0.00045867,1941.67233,1941.727401,1941.727401,1941.638684,29072282,26414.5,26381.38113,1102,354.9932464,126020.205,26383.76945,26986,26986,25788,1323520,0,1201.016334,1102,1864.204256,3475257.508,2217.588272,4096,4096,0,1
1,TOI-561,20445614.9,1526.756179,1528.987055,13372,7.949821802,63.19966668,1529.007722,1542.005424,1542.005424,1517.352524,305758693.7,22846.33008,22865.59181,13372,840.6982173,706773.4926,22881.04155,59089.86719,59089.86719,22227.94727,228720.6543,17.05202484,17.10444618,13372,0.420818555,0.177088256,17.10962207,26.01892281,26.01892281,16.86198997,23831586.92,1782.198867,1782.200637,13372,0.019123535,0.00036571,1782.200637,1782.333641,1782.333641,1782.097596,777043.5255,58.1516133,58.10974615,13372,0.121660775,0.014801344,58.1098735,58.39485658,58.39485658,57.58011184,2903044617,215492.5,217098.7599,13372,5723.846684,32762420.86,217174.2019,226472,226472,208722,4726928,0,353.494466,13372,3100.589645,9613656.148,3120.675325,32768,32768,0,1
1,TOI-1062,24472983.36,1338.146123,1338.857889,18279,8.162863765,66.63234484,1338.882773,1353.177888,1353.177888,1325.297569,465088741.5,25450.08984,25443.88322,18279,46.18889474,2133.413998,25443.92515,27961.14453,27961.14453,25292.4043,329510.7339,18.03072739,18.02673745,18279,0.099856897,0.0099714,18.02701402,18.28885269,18.28885269,17.82844162,24585497.48,1345.012712,1345.013265,18279,0.005906864,3.4891E-05,1345.013265,1345.04972,1345.04972,1344.893896,19494663.21,1066.512323,1066.506002,18279,0.028094343,0.000789292,1066.506003,1066.611741,1066.611741,1066.409471,1466130977,79696,80208.48936,18279,5877.311668,34542792.44,80423.53236,90519,90519,70445,1552,0,0.084906176,18279,6.559770871,43.03059388,6.560320338,512,512,0,1
1,TOI-1062,24472983.36,1338.146123,1338.857889,18279,8.162863765,66.63234484,1338.882773,1353.177888,1353.177888,1325.297569,465088741.5,25450.08984,25443.88322,18279,46.18889474,2133.413998,25443.92515,27961.14453,27961.14453,25292.4043,329510.7339,18.03072739,18.02673745,18279,0.099856897,0.0099714,18.02701402,18.28885269,18.28885269,17.82844162,24585497.48,1345.012712,1345.013265,18279,0.005906864,3.4891E-05,1345.013265,1345.04972,1345.04972,1344.893896,19494663.21,1066.512323,1066.506002,18279,0.028094343,0.000789292,1066.506003,1066.611741,1066.611741,1066.409471,1466130977,79696,80208.48936,18279,5877.311668,34542792.44,80423.53236,90519,90519,70445,1552,0,0.084906176,18279,6.559770871,43.03059388,6.560320338,512,512,0,1
1,TOI-849,1228569.044,1396.755118,1396.101187,880,6.052000677,36.62671219,1396.114304,1406.202984,1406.202984,1385.973781,2629673.678,2988.364136,2988.265543,880,3.063969775,9.387910784,2988.267114,2996.203613,2996.203613,2976.123047,1546.96727,1.743056834,1.757917352,880,0.056998069,0.00324878,1.758841152,2.071923971,2.071923971,1.739011168,1550203.4,1761.594998,1761.594773,880,0.001401286,1.9636E-06,1761.594773,1761.597611,1761.597611,1761.590222,1275354.843,1449.261214,1449.266867,880,0.016051307,0.000257644,1449.266867,1449.295194,1449.295194,1449.239762,7122819,8125.5,8094.1125,880,290.4953995,84387.57712,8099.323721,8579,8579,7608,163840,0,186.1818182,880,853.1922748,727937.0579,873.2701342,4096,4096,0,1
1,TOI-132,24473040.41,1338.149263,1338.86101,18279,8.163001552,66.63459434,1338.885895,1353.181198,1353.181198,1325.300413,124609997.5,6817.225586,6817.112399,18279,25.63749604,657.2812031,6817.160607,9316.013672,9316.013672,6750.163086,184541.9625,10.08901119,10.09584564,18279,0.09363347,0.008767227,10.09627983,10.48613262,10.48613262,9.942030907,21328712.12,1166.844557,1166.842394,18279,0.00946792,8.96415E-05,1166.842394,1166.961525,1166.961525,1166.732744,6148504.99,336.3773291,336.3698775,18279,0.031145685,0.000970054,336.3698789,336.4658613,336.4658613,336.260693,1466130977,79696,80208.48936,18279,5877.311668,34542792.44,80423.53236,90519,90519,70445,2080,0,0.113791783,18279,7.574967026,57.38012545,7.575821673,512,512,0,1
1,TOI-157,1585048.619,1337.98078,1338.723496,1184,8.133981574,66.16165624,1338.748207,1353.157696,1353.157696,1325.345445,2414855.185,2039.600464,2039.573636,1184,5.258906379,27.6560963,2039.580416,2049.858643,2049.858643,2009.287842,1786.801623,1.511552334,1.509122992,1184,0.023428982,0.000548917,1.509304847,1.577494383,1.577494383,1.469354987,1015394.365,857.5969649,857.5965918,1184,0.004799649,2.30366E-05,857.5965918,857.6015875,857.6015875,857.569182,405754.5606,342.6969349,342.6981086,1184,0.034293643,0.001176054,342.6981103,342.7820418,342.7820418,342.6492572,6322739,5304.5,5340.151182,1184,390.4345984,152439.1756,5354.405086,6033,6033,4698,1536,0,1.297297297,1184,25.73972098,662.5332359,25.77239252,512,512,0,1
1,LTT 9779,25030013.13,1367.052642,1367.76028,18300,8.119677339,65.9291601,1367.784381,1381.518428,1381.518428,1354.112982,630735226.3,34470.56641,34466.40581,18300,43.68340168,1908.239582,34466.43349,38156.50781,38156.50781,34268.91016,378610.8989,20.64108372,20.68912016,18300,0.101371765,0.010276235,20.68936851,21.02682686,21.02682686,20.58457756,3879310.56,211.9835687,211.9841836,18300,0.007445086,5.54293E-05,211.9841837,212.0189917,212.0189917,211.9364965,12039173.31,657.8809962,657.8783229,18300,0.034708235,0.001204662,657.8783239,658.0030857,658.0030857,657.7739461,1848593439,100506.5,101016.0349,18300,5846.190686,34177945.53,101185.0644,110922,110922,91190,16,0,0.000874317,18300,0.118272172,0.013988307,0.118275403,16,16,0,1
1,TOI-561,20445614.9,1526.756179,1528.987055,13372,7.949821802,63.19966668,1529.007722,1542.005424,1542.005424,1517.352524,305758693.7,22846.33008,22865.59181,13372,840.6982173,706773.4926,22881.04155,59089.86719,59089.86719,22227.94727,228720.6543,17.05202484,17.10444618,13372,0.420818555,0.177088256,17.10962207,26.01892281,26.01892281,16.86198997,23831586.92,1782.198867,1782.200637,13372,0.019123535,0.00036571,1782.200637,1782.333641,1782.333641,1782.097596,777043.5255,58.1516133,58.10974615,13372,0.121660775,0.014801344,58.1098735,58.39485658,58.39485658,57.58011184,2903044617,215492.5,217098.7599,13372,5723.846684,32762420.86,217174.2019,226472,226472,208722,4726928,0,353.494466,13372,3100.589645,9613656.148,3120.675325,32768,32768,0,1
1,TOI-561,20445614.9,1526.756179,1528.987055,13372,7.949821802,63.19966668,1529.007722,1542.005424,1542.005424,1517.352524,305758693.7,22846.33008,22865.59181,13372,840.6982173,706773.4926,22881.04155,59089.86719,59089.86719,22227.94727,228720.6543,17.05202484,17.10444618,13372,0.420818555,0.177088256,17.10962207,26.01892281,26.01892281,16.86198997,23831586.92,1782.198867,1782.200637,13372,0.019123535,0.00036571,1782.200637,1782.333641,1782.333641,1782.097596,777043.5255,58.1516133,58.10974615,13372,0.121660775,0.014801344,58.1098735,58.39485658,58.39485658,57.58011184,2903044617,215492.5,217098.7599,13372,5723.846684,32762420.86,217174.2019,226472,226472,208722,4726928,0,353.494466,13372,3100.589645,9613656.148,3120.675325,32768,32768,0,1
1,TOI-561,20445614.9,1526.756179,1528.987055,13372,7.949821802,63.19966668,1529.007722,1542.005424,1542.005424,1517.352524,305758693.7,22846.33008,22865.59181,13372,840.6982173,706773.4926,22881.04155,59089.86719,59089.86719,22227.94727,228720.6543,17.05202484,17.10444618,13372,0.420818555,0.177088256,17.10962207,26.01892281,26.01892281,16.86198997,23831586.92,1782.198867,1782.200637,13372,0.019123535,0.00036571,1782.200637,1782.333641,1782.333641,1782.097596,777043.5255,58.1516133,58.10974615,13372,0.121660775,0.014801344,58.1098735,58.39485658,58.39485658,57.58011184,2903044617,215492.5,217098.7599,13372,5723.846684,32762420.86,217174.2019,226472,226472,208722,4726928,0,353.494466,13372,3100.589645,9613656.148,3120.675325,32768,32768,0,1
1,TOI-561,20445614.9,1526.756179,1528.987055,13372,7.949821802,63.19966668,1529.007722,1542.005424,1542.005424,1517.352524,305758693.7,22846.33008,22865.59181,13372,840.6982173,706773.4926,22881.04155,59089.86719,59089.86719,22227.94727,228720.6543,17.05202484,17.10444618,13372,0.420818555,0.177088256,17.10962207,26.01892281,26.01892281,16.86198997,23831586.92,1782.198867,1782.200637,13372,0.019123535,0.00036571,1782.200637,1782.333641,1782.333641,1782.097596,777043.5255,58.1516133,58.10974615,13372,0.121660775,0.014801344,58.1098735,58.39485658,58.39485658,57.58011184,2903044617,215492.5,217098.7599,13372,5723.846684,32762420.86,217174.2019,226472,226472,208722,4726928,0,353.494466,13372,3100.589645,9613656.148,3120.675325,32768,32768,0,1
1,HD 1397,24473005.95,1338.147363,1338.859125,18279,8.162956183,66.63385365,1338.88401,1353.179265,1353.179265,1325.298632,4119628662,225330.3125,225374.9473,18279,223.8507896,50109.17602,225375.0585,228909.4844,228909.4844,224418.1563,927668.3394,50.75035858,50.75049726,18279,0.035557557,0.00126434,50.75050972,50.86944199,50.86944199,50.64650726,32464420.43,1776.050293,1776.050136,18279,0.007748508,6.00394E-05,1776.050136,1776.17999,1776.17999,1776.002636,15050444.72,823.3724816,823.373528,18279,0.018697801,0.000349608,823.3735282,823.4512998,823.4512998,823.2990256,1466130977,79696,80208.48936,18279,5877.311668,34542792.44,80423.53236,90519,90519,70445,4128,0,0.225832923,18279,10.71014179,114.7071372,10.71252247,512,512,0,1
1,HD 219666,24473023.01,1338.148304,1338.860059,18279,8.16298053,66.63425113,1338.884943,1353.180225,1353.180225,1325.29951,606964873.2,33207.00391,33205.58418,18279,48.2285235,2325.990479,33205.6192,37431.3125,37431.3125,32981.00781,375569.5011,20.55263138,20.54650151,18279,0.176551008,0.031170259,20.54726002,20.91853523,20.91853523,20.27015495,12353706.42,675.841371,675.8414802,18279,0.006826413,4.65999E-05,675.8414802,675.914579,675.914579,675.6870551,22817834.98,1248.308314,1248.308714,18279,0.009804662,9.61314E-05,1248.308714,1248.414844,1248.414844,1248.253422,1466130977,79696,80208.48936,18279,5877.311668,34542792.44,80423.53236,90519,90519,70445,2080,0,0.113791783,18279,7.574967026,57.38012545,7.575821673,512,512,0,1
1,HD 63935,24577822.5,1504.710973,1503.874595,16343,7.307220648,53.3954736,1503.892347,1516.091372,1516.091372,1491.637269,1711118971,104705.75,104700.4204,16343,191.6454815,36727.99058,104700.5958,112582.5313,112582.5313,104343.8047,572100.381,35.00355148,35.0058362,16343,0.06100857,0.003722046,35.00588936,35.70840073,35.70840073,34.92866898,4054385.137,248.0796562,248.0808381,16343,0.005672234,3.21742E-05,248.0808382,248.1087566,248.1087566,248.0678533,15795318.89,966.4775204,966.4883369,16343,0.072865548,0.005309388,966.4883397,966.6283932,966.6283932,966.3423521,3252548414,199620,199017.8311,16343,5261.212801,27680360.14,199087.3614,207814,207814,190207,1680,0,0.102796304,16343,6.946281684,48.25082924,6.947042271,512,512,0,1
1,TOI-451,22365320.16,1425.898754,1424.451956,15701,7.954552544,63.27490618,1424.474166,1436.852923,1436.852923,1410.905505,188628995.8,12018.24121,12013.82051,15701,198.2477206,39302.15871,12015.4561,20133.03125,20133.03125,11680.54395,199942.0603,12.59079647,12.73435197,15701,0.640954255,0.410822357,12.75047224,16.64838409,16.64838409,12.38070488,19678364.37,1253.321633,1253.319175,15701,0.026564874,0.000705693,1253.319176,1253.384085,1253.384085,1253.187799,10957150.33,697.8797678,697.8632141,15701,0.075370683,0.00568074,697.8632182,697.9402951,697.9402951,697.3006955,2226956551,142877,141835.3322,15701,5727.233423,32801202.68,141950.9164,150764,150764,132082,3694736,0,235.3185147,15701,953.1277006,908452.4137,981.747023,4096,4096,0,1
1,TOI-451,22365320.16,1425.898754,1424.451956,15701,7.954552544,63.27490618,1424.474166,1436.852923,1436.852923,1410.905505,188628995.8,12018.24121,12013.82051,15701,198.2477206,39302.15871,12015.4561,20133.03125,20133.03125,11680.54395,199942.0603,12.59079647,12.73435197,15701,0.640954255,0.410822357,12.75047224,16.64838409,16.64838409,12.38070488,19678364.37,1253.321633,1253.319175,15701,0.026564874,0.000705693,1253.319176,1253.384085,1253.384085,1253.187799,10957150.33,697.8797678,697.8632141,15701,0.075370683,0.00568074,697.8632182,697.9402951,697.9402951,697.3006955,2226956551,142877,141835.3322,15701,5727.233423,32801202.68,141950.9164,150764,150764,132082,3694736,0,235.3185147,15701,953.1277006,908452.4137,981.747023,4096,4096,0,1
1,TOI-451,22365320.16,1425.898754,1424.451956,15701,7.954552544,63.27490618,1424.474166,1436.852923,1436.852923,1410.905505,188628995.8,12018.24121,12013.82051,15701,198.2477206,39302.15871,12015.4561,20133.03125,20133.03125,11680.54395,199942.0603,12.59079647,12.73435197,15701,0.640954255,0.410822357,12.75047224,16.64838409,16.64838409,12.38070488,19678364.37,1253.321633,1253.319175,15701,0.026564874,0.000705693,1253.319176,1253.384085,1253.384085,1253.187799,10957150.33,697.8797678,697.8632141,15701,0.075370683,0.00568074,697.8632182,697.9402951,697.9402951,697.3006955,2226956551,142877,141835.3322,15701,5727.233423,32801202.68,141950.9164,150764,150764,132082,3694736,0,235.3185147,15701,953.1277006,908452.4137,981.747023,4096,4096,0,1
1,TOI-905,30936403.98,1638.578447,1639.01478,18875,8.243253121,67.95122201,1639.035509,1652.894964,1652.894964,1624.958942,143155919.9,7583.462402,7584.419597,18875,23.19635421,538.0708488,7584.455069,7671.867188,7671.867188,7428.529785,222905.5826,10.97130203,11.80956729,18875,1.645564086,2.707881162,11.9236639,16.13911819,16.13911819,10.43392277,33444799.96,1771.909455,1771.909932,18875,0.004735619,2.24261E-05,1771.909932,1771.931032,1771.931032,1771.892519,10588785.87,561.0004747,560.9952777,18875,0.0126493,0.000160005,560.9952778,561.0341093,561.0341093,560.9559994,5593043602,296006,296320.1908,18875,5935.16134,35226140.13,296379.6242,306314,306314,286200,60788736,0,3220.595285,18875,5103.102764,26041657.82,6034.392414,12288,12288,0,1
1,TOI-1478,1633199.057,1503.869845,1503.866535,1086,7.311871331,53.46346237,1503.88431,1516.078308,1516.078308,1491.661167,13247487.67,12187.93896,12198.42327,1086,41.67927062,1737.161599,12198.49447,12262.55469,12262.55469,12050.9668,3592.247491,3.307695031,3.307778537,1086,0.009947249,9.89478E-05,3.307793493,3.415990114,3.415990114,3.290616274,211791.1565,195.0180707,195.0194812,1086,0.012478018,0.000155701,195.0194816,195.0448642,195.0448642,194.9937457,466983.9701,429.9976755,430.0036557,1086,0.023002278,0.000529105,430.0036563,430.0397916,430.0397916,429.9621772,14407791,13267,13266.84254,1086,350.963011,123175.0351,13271.48394,13853,13853,12681,1024,0,0.942909761,1086,21.95178167,481.8807186,21.97202306,512,512,0,1
1,TOI-1296,2070176.783,1697.37482,1696.866216,1220,7.872891925,61.98242726,1696.884479,1710.176894,1710.176894,1683.385278,8416413.943,6900.79248,6898.699954,1220,10.23567012,104.7689429,6898.707547,6913.584473,6913.584473,6845.315918,3506.771419,2.862440109,2.874402802,1220,0.048019442,0.002305867,2.874803878,3.000781298,3.000781298,2.797201395,2439528.9,1999.616157,1999.613853,1220,0.004469212,1.99739E-05,1999.613853,1999.624067,1999.624067,1999.606335,2349807.624,1926.071398,1926.071823,1220,0.007620849,5.80773E-05,1926.071823,1926.08913,1926.08913,1926.056555,27487926,22555.5,22531.08689,1220,377.8995278,142808.0531,22534.2558,23170,23170,21884,0,0,0,1220,0,0,0,0,0,0,1
1,TOI-2421,1228568.631,1396.754645,1396.100717,880,6.052004981,36.62676429,1396.113834,1406.202527,1406.202527,1385.973308,6813088.042,7742.981445,7742.145503,880,5.731427466,32.84926079,7742.147624,7753.174805,7753.174805,7711.38623,2444.793687,2.753039479,2.778174644,880,0.094037125,0.008842981,2.779765698,3.270472527,3.270472527,2.746987581,381623.7962,433.6633366,433.6634048,880,0.000948593,8.99829E-07,433.6634048,433.666823,433.666823,433.6611372,1368365.102,1554.96528,1554.960343,880,0.009850885,9.70399E-05,1554.960343,1554.975906,1554.975906,1554.944394,7122819,8125.5,8094.1125,880,290.4953995,84387.57712,8099.323721,8579,8579,7608,282624,0,321.1636364,880,2101.252776,4415263.228,2125.655031,32768,32768,0,1
1,TOI-2567,2070177.996,1697.375831,1696.86721,1220,7.872985816,61.98390565,1696.885474,1710.178031,1710.178031,1683.386096,3421705.225,2805.521973,2804.676414,1220,4.921422393,24.22039837,2804.680732,2816.628906,2816.628906,2786.438477,2737.922195,2.233662724,2.244198521,1220,0.040654399,0.00165278,2.244566725,2.354538441,2.354538441,2.182570219,1327508.594,1088.126379,1088.121799,1220,0.007318691,5.35632E-05,1088.121799,1088.135348,1088.135348,1088.111618,244417.6927,200.3417017,200.342371,1220,0.009360257,8.76144E-05,200.3423713,200.3661261,200.3661261,200.3290907,27487926,22555.5,22531.08689,1220,377.8995278,142808.0531,22534.2558,23170,23170,21884,0,0,0,1220,0,0,0,0,0,0,1
1,TOI-2196,2140329.842,1668.681234,1668.222792,1283,8.364716107,69.96847556,1668.243762,1682.347929,1682.347929,1653.95182,4997400.274,3895.731934,3895.089847,1283,8.010973354,64.17569408,3895.098085,3913.237305,3913.237305,3874.901611,2902.254308,2.201117754,2.262084418,1283,0.214527428,0.046022017,2.272234128,2.790881157,2.790881157,2.036197424,1324027.1,1031.976398,1031.977475,1283,0.003926423,1.54168E-05,1031.977475,1031.992292,1031.992292,1031.971852,828004.7193,645.3769247,645.3661102,1283,0.015883776,0.000252294,645.3661104,645.3953945,645.3953945,645.3341784,27143144,21178,21155.99688,1283,401.5024589,161204.2245,21159.80643,21834,21834,20471,2428928,0,1893.162899,1283,3962.808119,15703848.19,4391.800764,12288,12288,0,1
1,TOI-172,1585054.119,1337.985474,1338.728141,1184,8.133981226,66.16165059,1338.752852,1353.162266,1353.162266,1325.35002,8797203.346,7430.713867,7430.070393,1184,11.96701999,143.2095674,7430.08003,7538.380859,7538.380859,7352.857422,3249.831988,2.74262917,2.744790531,1184,0.056245956,0.003163608,2.745366763,3.857599974,3.857599974,2.700659513,899867.5417,760.0206866,760.0232615,1184,0.010221707,0.000104483,760.0232616,760.0407229,760.0407229,759.9937987,796283.0906,672.5562512,672.5363941,1184,0.05732073,0.003285666,672.5363966,672.6199108,672.6199108,672.4366643,6322739,5304.5,5340.151182,1184,390.4345984,152439.1756,5354.405086,6033,6033,4698,59392,0,50.16216216,1184,995.1208948,990265.5953,996.3843826,32768,32768,0,1
1,TOI-2158,2297798.217,2023.171121,2022.709698,1136,7.305957088,53.37700898,2022.722893,2035.119061,2035.119061,2010.306325,14356002.12,12632.93896,12637.32581,1136,36.7701397,1352.043174,12637.3793,12690.18066,12690.18066,12536.58301,4313.462245,3.809294462,3.797061836,1136,0.115076397,0.013242577,3.798805228,4.044618607,4.044618607,3.526875496,1116576.38,982.9002781,982.9017433,1136,0.009923488,9.84756E-05,982.9017433,982.954055,982.954055,982.8888016,1421893.735,1251.649508,1251.66702,1136,0.039401552,0.001552482,1251.667021,1251.72801,1251.72801,1251.613062,43362658,38193.5,38171.35387,1136,350.6826137,122978.2955,38172.96471,38767,38767,37576,512,0,0.450704225,1136,15.18411766,230.5574291,15.19080522,512,512,0,1
1,TOI-2180,31262053.82,1696.344537,1696.811432,18424,7.894429909,62.32202359,1696.829796,1710.204858,1710.204858,1683.354991,1078607450,58547.08203,58543.60887,18424,52.24728786,2729.779089,58543.63219,58766.24609,58766.24609,58259.45313,533192.3146,28.31079769,28.94009524,18424,1.630759208,2.659375595,28.98600504,32.61133194,32.61133194,27.14761162,7718614.874,418.9440667,418.9434908,18424,0.007506467,5.6347E-05,418.9434908,418.9724568,418.9724568,418.9065907,17462345.62,947.804711,947.8042564,18424,0.016955646,0.000287494,947.8042566,947.8640415,947.8640415,947.7583713,6226126923,337599.5,337935.6775,18424,5684.017755,32308057.84,337983.4762,347579,347579,328247,23192064,0,1258.796353,18424,2106.720157,4438269.822,2454.147118,32768,32768,0,1
1,TOI-954,1460131.206,1425.994121,1424.51825,1025,7.933179789,62.93534157,1424.54034,1436.827521,1436.827521,1410.952114,19452167.28,19020.0332,18977.72417,1025,107.3770215,11529.82474,18978.02794,19139.10742,19139.10742,17855.48047,4245.641834,4.075048923,4.142089594,1025,0.309884481,0.096028392,4.1536652,6.063612938,6.063612938,3.953631401,1790015.752,1746.346127,1746.356832,1025,0.118298764,0.013994598,1746.356836,1747.162877,1747.162877,1746.273924,1446080.133,1410.820846,1410.809886,1025,0.034433525,0.001185668,1410.809886,1410.836043,1410.836043,1410.551985,9694615,9529,9458.160976,1025,380.7865293,144998.3809,9465.823124,10049,10049,8807,2347008,0,2289.763902,1025,7924.570787,62798822.16,8248.747838,32768,32768,0,1
1,TOI-1820,2366277.548,1912.369892,1912.916369,1237,7.99721936,63.95551749,1912.933085,1926.474174,1926.474174,1899.411183,11141832.74,9006.505859,9007.140455,1237,162.8389689,26516.5298,9008.612308,11142.67188,11142.67188,4542.484375,4132.419137,3.070411444,3.340678365,1237,0.927943851,0.861079791,3.467161913,12.01811504,12.01811504,3.06112957,522588.7419,422.4631168,422.4646257,1237,0.035362843,0.001250531,422.4646271,422.5041272,422.5041272,421.612311,334550.2971,270.444781,270.4529483,1237,0.040898663,0.001672701,270.4529514,270.5387791,270.5387791,269.5744378,40698825,32875,32901.23282,1237,383.8596009,147348.1932,32903.472,33552,33552,32253,712704,0,576.1552142,1237,1424.070548,2027976.927,1536.206938,4096,4096,0,1
1,TOI-481,1228564.254,1396.749645,1396.095743,880,6.052083569,36.62771553,1396.108861,1406.197739,1406.197739,1385.968245,23897758.38,27159.12109,27156.54361,880,28.85699811,832.7263397,27156.55894,27204.04492,27204.04492,27056.61523,4176.039332,4.723409653,4.745499241,880,0.075531949,0.005705075,4.746100307,5.090078354,5.090078354,4.712532043,1431112.357,1626.266719,1626.264042,880,0.011733333,0.000137671,1626.264042,1626.284908,1626.284908,1626.238786,419998.018,477.2706305,477.270475,880,0.015328413,0.00023496,477.2704753,477.2994578,477.2994578,477.2406807,7122819,8125.5,8094.1125,880,290.4953995,84387.57712,8099.323721,8579,8579,7608,2524672,0,2868.945455,880,9258.642193,85722455.25,9692.951216,32768,32768,0,1
1,TOI-1860,31262009.21,1696.342097,1696.80901,18424,7.894317901,62.32025511,1696.827374,1710.202284,1710.202284,1683.352797,2218694039,120310.5117,120424.1228,18424,1008.61321,1017300.608,120428.3466,122557.4453,122557.4453,117885.9141,714014.679,38.69931602,38.75459612,18424,0.274750463,0.075487817,38.75557003,39.46406555,39.46406555,38.22697449,36107108.57,1959.786467,1959.786614,18424,0.005336145,2.84744E-05,1959.786614,1959.814783,1959.814783,1959.763695,16005477.2,868.7292725,868.7297654,18424,0.012535959,0.00015715,868.7297654,868.7858964,868.7858964,868.6847847,6226126923,337599.5,337935.6775,18424,5684.017755,32308057.84,337983.4762,347579,347579,328247,24451584,0,1327.159357,18424,6458.742355,41715352.8,6593.686735,32768,32768,0,1
1,TOI-1136,31261984.27,1696.340726,1696.807657,18424,7.894351944,62.32079261,1696.826021,1710.201009,1710.201009,1683.351406,736919370.2,40014.47461,39997.79474,18424,298.095787,88861.09823,39998.90555,40554.64063,40554.64063,39260.87891,566929.4903,30.63272095,30.77124893,18424,0.375411293,0.140933639,30.77353887,32.61737823,32.61737823,30.27967644,11535216,626.0971688,626.0972645,18424,0.003737159,1.39664E-05,626.0972645,626.1251236,626.1251236,626.0647713,31506671.23,1710.092617,1710.088538,18424,0.019584397,0.000383549,1710.088538,1710.143524,1710.143524,1710.042861,6226126923,337599.5,337935.6775,18424,5684.017755,32308057.84,337983.4762,347579,347579,328247,2688512,0,145.9244464,18424,759.0216018,576113.7919,772.9215588,4096,4096,0,1
1,TOI-1136,31261984.27,1696.340726,1696.807657,18424,7.894351944,62.32079261,1696.826021,1710.201009,1710.201009,1683.351406,736919370.2,40014.47461,39997.79474,18424,298.095787,88861.09823,39998.90555,40554.64063,40554.64063,39260.87891,566929.4903,30.63272095,30.77124893,18424,0.375411293,0.140933639,30.77353887,32.61737823,32.61737823,30.27967644,11535216,626.0971688,626.0972645,18424,0.003737159,1.39664E-05,626.0972645,626.1251236,626.1251236,626.0647713,31506671.23,1710.092617,1710.088538,18424,0.019584397,0.000383549,1710.088538,1710.143524,1710.143524,1710.042861,6226126923,337599.5,337935.6775,18424,5684.017755,32308057.84,337983.4762,347579,347579,328247,2688512,0,145.9244464,18424,759.0216018,576113.7919,772.9215588,4096,4096,0,1
1,TOI-1136,31261984.27,1696.340726,1696.807657,18424,7.894351944,62.32079261,1696.826021,1710.201009,1710.201009,1683.351406,736919370.2,40014.47461,39997.79474,18424,298.095787,88861.09823,39998.90555,40554.64063,40554.64063,39260.87891,566929.4903,30.63272095,30.77124893,18424,0.375411293,0.140933639,30.77353887,32.61737823,32.61737823,30.27967644,11535216,626.0971688,626.0972645,18424,0.003737159,1.39664E-05,626.0972645,626.1251236,626.1251236,626.0647713,31506671.23,1710.092617,1710.088538,18424,0.019584397,0.000383549,1710.088538,1710.143524,1710.143524,1710.042861,6226126923,337599.5,337935.6775,18424,5684.017755,32308057.84,337983.4762,347579,347579,328247,2688512,0,145.9244464,18424,759.0216018,576113.7919,772.9215588,4096,4096,0,1
1,TOI-1136,31261984.27,1696.340726,1696.807657,18424,7.894351944,62.32079261,1696.826021,1710.201009,1710.201009,1683.351406,736919370.2,40014.47461,39997.79474,18424,298.095787,88861.09823,39998.90555,40554.64063,40554.64063,39260.87891,566929.4903,30.63272095,30.77124893,18424,0.375411293,0.140933639,30.77353887,32.61737823,32.61737823,30.27967644,11535216,626.0971688,626.0972645,18424,0.003737159,1.39664E-05,626.0972645,626.1251236,626.1251236,626.0647713,31506671.23,1710.092617,1710.088538,18424,0.019584397,0.000383549,1710.088538,1710.143524,1710.143524,1710.042861,6226126923,337599.5,337935.6775,18424,5684.017755,32308057.84,337983.4762,347579,347579,328247,2688512,0,145.9244464,18424,759.0216018,576113.7919,772.9215588,4096,4096,0,1
1,TOI-1136,31261984.27,1696.340726,1696.807657,18424,7.894351944,62.32079261,1696.826021,1710.201009,1710.201009,1683.351406,736919370.2,40014.47461,39997.79474,18424,298.095787,88861.09823,39998.90555,40554.64063,40554.64063,39260.87891,566929.4903,30.63272095,30.77124893,18424,0.375411293,0.140933639,30.77353887,32.61737823,32.61737823,30.27967644,11535216,626.0971688,626.0972645,18424,0.003737159,1.39664E-05,626.0972645,626.1251236,626.1251236,626.0647713,31506671.23,1710.092617,1710.088538,18424,0.019584397,0.000383549,1710.088538,1710.143524,1710.143524,1710.042861,6226126923,337599.5,337935.6775,18424,5684.017755,32308057.84,337983.4762,347579,347579,328247,2688512,0,145.9244464,18424,759.0216018,576113.7919,772.9215588,4096,4096,0,1
1,TOI-1136,31261984.27,1696.340726,1696.807657,18424,7.894351944,62.32079261,1696.826021,1710.201009,1710.201009,1683.351406,736919370.2,40014.47461,39997.79474,18424,298.095787,88861.09823,39998.90555,40554.64063,40554.64063,39260.87891,566929.4903,30.63272095,30.77124893,18424,0.375411293,0.140933639,30.77353887,32.61737823,32.61737823,30.27967644,11535216,626.0971688,626.0972645,18424,0.003737159,1.39664E-05,626.0972645,626.1251236,626.1251236,626.0647713,31506671.23,1710.092617,1710.088538,18424,0.019584397,0.000383549,1710.088538,1710.143524,1710.143524,1710.042861,6226126923,337599.5,337935.6775,18424,5684.017755,32308057.84,337983.4762,347579,347579,328247,2688512,0,145.9244464,18424,759.0216018,576113.7919,772.9215588,4096,4096,0,1
1,TOI-2570,2051895.087,1829.255971,1828.7835,1122,7.274817241,52.9229659,1828.797969,1841.141424,1841.141424,1816.12023,2058371.536,1835.385071,1834.555736,1122,40.86439225,1669.898554,1835.010803,1906.108032,1906.108032,1745.840576,2067.893935,1.827989697,1.843042722,1122,0.054167803,0.002934151,1.843838558,2.338462591,2.338462591,1.819247723,1766677.965,1574.577294,1574.579291,1122,0.009245637,8.54818E-05,1574.579291,1574.592331,1574.592331,1574.55819,558427.0797,497.7032482,497.7068446,1122,0.045521805,0.002072235,497.7068467,497.7870514,497.7870514,497.6285913,32384088,28885.5,28862.82353,1122,349.1862466,121931.0348,28864.9357,29456,29456,28255,213504,0,190.2887701,1122,2022.631831,4091039.524,2031.563275,32768,32768,0,1
1,HD 183579,32431206.58,1668.639391,1668.186132,19441,8.369549732,70.04936272,1668.207127,1682.361559,1682.361559,1653.925272,1725328981,88751.4375,88746.9256,19441,100.7792214,10156.45147,88746.98282,95295.74219,95295.74219,88309.72656,629264.4757,32.33605194,32.36790678,19441,0.161803504,0.026180374,32.3683112,32.97760391,32.97760391,32.1398201,28697624.6,1476.141411,1476.139324,19441,0.009648282,9.30893E-05,1476.139324,1476.167943,1476.167943,1476.091198,8830143.205,454.1879791,454.2021092,19441,0.040253951,0.001620381,454.202111,454.2951193,454.2951193,454.113362,6169070511,317649,317322.6949,19441,6026.038401,36313138.81,317379.9077,327529,327529,307055,18155552,0,933.8795329,19441,2603.424502,6777819.14,2765.85432,8704,8704,0,1
1,TIC 237913194,1585050.464,1337.982332,1338.725054,1184,8.134197381,66.16516703,1338.749766,1353.159609,1353.159609,1325.346624,4162208.893,3515.169434,3515.379133,1184,5.357813941,28.70617022,3515.383216,3534.696289,3534.696289,3488.274902,2321.146089,1.948109806,1.96042744,1184,0.038072219,0.001449494,1.960797093,2.097014904,2.097014904,1.923181653,306143.7851,258.5722147,258.567386,1184,0.011218414,0.000125853,258.5673863,258.5902898,258.5902898,258.5439155,1866838.121,1576.716557,1576.721386,1184,0.017621658,0.000310523,1576.721386,1576.750674,1576.750674,1576.691932,6322739,5304.5,5340.151182,1184,390.4345984,152439.1756,5354.405086,6033,6033,4698,512,0,0.432432432,1184,14.87341278,221.2184076,14.87969776,512,512,0,1
1,WASP-126,24472969.14,1338.145326,1338.857111,18279,8.16297083,66.63409277,1338.881996,1353.177309,1353.177309,1325.296626,154416168.1,8449.6875,8447.736094,18279,20.70361095,428.6395064,8447.761464,9607.172852,9607.172852,8314.666016,195870.5478,10.71062183,10.71560522,18279,0.100633127,0.010127026,10.71607775,11.07842731,11.07842731,10.53258991,29681778.46,1623.818489,1623.818505,18279,0.00490806,2.40891E-05,1623.818505,1623.973546,1623.973546,1623.780025,7189774.403,393.3343545,393.3352154,18279,0.034405882,0.001183765,393.3352169,393.43531,393.43531,393.258975,1466130977,79696,80208.48936,18279,5877.311668,34542792.44,80423.53236,90519,90519,70445,16,0,0.000875321,18279,0.118340088,0.014004376,0.118343325,16,16,0,1
1,TOI-1422,29275067.18,1750.347198,1751.005872,16719,7.318660059,53.56278506,1751.021167,1763.323683,1763.323683,1738.656654,222434893.8,13300.18359,13304.31807,16719,45.36440033,2057.928817,13304.39541,13415.62793,13415.62793,13152.98438,239786.0269,13.97722435,14.34212734,16719,0.875777305,0.766985888,14.36884137,17.98500061,17.98500061,13.71280003,28783985.46,1721.632323,1721.633199,16719,0.01765464,0.000311686,1721.6332,1721.687213,1721.687213,1721.582276,5018455.259,300.1887125,300.1647981,16719,0.038101259,0.001451706,300.1648005,300.2244657,300.2244657,300.1056414,6302281589,376479,376953.2621,16719,5269.356868,27766121.81,376990.09,385822,385822,368062,10772480,0,644.3256176,16719,1635.103109,2673562.176,1757.474801,32768,32768,0,1
1,TOI-251,25030014.99,1367.052751,1367.760382,18300,8.119623951,65.9282931,1367.784482,1381.518439,1381.518439,1354.113172,514594153.8,28093.21191,28119.89912,18300,197.4122483,38971.59579,28120.59206,30113.49414,30113.49414,27742.81055,340412.923,18.58962345,18.60179907,18300,0.089884293,0.008079186,18.60201623,18.90768051,18.90768051,18.46777916,16270510.46,889.0984233,889.0989324,18300,0.016249252,0.000264038,889.0989326,889.1462843,889.1462843,889.0405308,4515361.752,246.7441334,246.7410793,18300,0.041206909,0.001698009,246.7410828,246.8912203,246.8912203,246.6318726,1848593439,100506.5,101016.0349,18300,5846.190686,34177945.53,101185.0644,110922,110922,91190,528,0,0.028852459,18300,3.786550587,14.33796535,3.78666051,512,512,0,1
1,TOI-169,1585050.125,1337.982063,1338.724768,1184,8.134003772,66.16201737,1338.749478,1353.158986,1353.158986,1325.34666,3242511.492,2739.304932,2738.607679,1184,4.46365826,19.92424506,2738.611317,2749.721191,2749.721191,2719.092041,2133.225492,1.803890049,1.801710719,1184,0.018416641,0.000339173,1.801804842,1.85884726,1.85884726,1.771304846,1885389.368,1592.389408,1592.389669,1184,0.003588817,1.28796E-05,1592.389669,1592.407832,1592.407832,1592.383832,2375113.974,2006.012645,2006.008424,1184,0.015865148,0.000251703,2006.008424,2006.035639,2006.035639,2005.979357,6322739,5304.5,5340.151182,1184,390.4345984,152439.1756,5354.405086,6033,6033,4698,1536,0,1.297297297,1184,25.73972098,662.5332359,25.77239252,512,512,0,1
1,TOI-2025,2070176.154,1697.374309,1696.8657,1220,7.873052341,61.98495317,1696.883965,1710.176656,1710.176656,1683.384496,7327439.763,6006.5271,6006.098166,1220,5.632264553,31.72240399,6006.100807,6017.133301,6017.133301,5964.316406,3599.919125,2.950654387,2.950753381,1220,0.037476904,0.001404518,2.950991364,3.04293251,3.04293251,2.86904335,245051.0652,200.862155,200.8615288,1220,0.006365734,4.05226E-05,200.8615289,200.8707641,200.8707641,200.8482602,1630197.712,1336.228213,1336.227633,1220,0.008837871,7.8108E-05,1336.227633,1336.242743,1336.242743,1336.205663,27487926,22555.5,22531.08689,1220,377.8995278,142808.0531,22534.2558,23170,23170,21884,512,0,0.419672131,1220,14.65250854,214.6960064,14.65851736,512,512,0,1
1,HD 109833,1899029.885,1611.097046,1610.71237,1179,7.88463556,62.16747791,1610.731668,1623.867949,1623.867949,1596.805149,60197153.96,51143.21094,51057.80658,1179,203.8664819,41561.54245,51058.21359,51307.17969,51307.17969,50518.39453,7617.939127,6.394106388,6.461356342,1179,0.194988691,0.038020589,6.464297825,7.639872551,7.639872551,6.352235794,1286436.228,1091.122776,1091.124875,1179,0.010410627,0.000108381,1091.124875,1091.148116,1091.148116,1091.102736,1388649.574,1177.818664,1177.819825,1179,0.015243555,0.000232366,1177.819825,1177.849987,1177.849987,1177.788295,21688338,18414,18395.5369,1179,378.4583916,143230.7542,18399.42957,19027,19027,17728,6926848,0,5875.189143,1179,11553.14245,133475100.5,12961.20936,40960,40960,0,1
1,HD 109833,1899029.885,1611.097046,1610.71237,1179,7.88463556,62.16747791,1610.731668,1623.867949,1623.867949,1596.805149,60197153.96,51143.21094,51057.80658,1179,203.8664819,41561.54245,51058.21359,51307.17969,51307.17969,50518.39453,7617.939127,6.394106388,6.461356342,1179,0.194988691,0.038020589,6.464297825,7.639872551,7.639872551,6.352235794,1286436.228,1091.122776,1091.124875,1179,0.010410627,0.000108381,1091.124875,1091.148116,1091.148116,1091.102736,1388649.574,1177.818664,1177.819825,1179,0.015243555,0.000232366,1177.819825,1177.849987,1177.849987,1177.788295,21688338,18414,18395.5369,1179,378.4583916,143230.7542,18399.42957,19027,19027,17728,6926848,0,5875.189143,1179,11553.14245,133475100.5,12961.20936,40960,40960,0,1
1,TOI-1298,2070176.249,1697.374375,1696.865778,1220,7.872855298,61.98185054,1696.884042,1710.176402,1710.176402,1683.38491,7142600.71,5855.37085,5854.590746,1220,5.782991624,33.44299212,5854.593602,5866.438965,5866.438965,5821.004395,3329.3902,2.703570604,2.729008361,1220,0.075637444,0.005721023,2.730056347,2.938004971,2.938004971,2.631135464,749308.8971,614.1860176,614.1876206,1220,0.003237279,1.048E-05,614.1876206,614.1938691,614.1938691,614.180834,1858179.979,1523.098444,1523.098344,1220,0.009059572,8.20758E-05,1523.098344,1523.119081,1523.119081,1523.080009,27487926,22555.5,22531.08689,1220,377.8995278,142808.0531,22534.2558,23170,23170,21884,4845568,0,3971.777049,1220,10444.02835,109077728.1,11173.75233,32768,32768,0,1
1,TOI-813,1585047.758,1337.980026,1338.722769,1184,8.134175299,66.16480779,1338.747481,1353.157323,1353.157323,1325.344411,20669698.91,17459.89941,17457.51597,1184,20.01174874,400.4700877,17457.52744,17496.39648,17496.39648,17382.73242,4610.327244,3.882745504,3.89385747,1184,0.096731327,0.00935695,3.895058786,4.230481148,4.230481148,3.80052352,698025.8052,589.5474593,589.548822,1184,0.006245937,3.90117E-05,589.548822,589.5937506,589.5937506,589.5406016,1901083.024,1605.641562,1605.644446,1184,0.032212725,0.00103766,1605.644447,1605.703322,1605.703322,1605.596109,6322739,5304.5,5340.151182,1184,390.4345984,152439.1756,5354.405086,6033,6033,4698,319488,0,269.8378378,1184,1016.092183,1032443.325,1051.311459,4096,4096,0,1
1,TOI-559,1460131.192,1425.994071,1424.518236,1025,7.932979322,62.93216093,1424.540325,1436.827199,1436.827199,1410.952444,9027777.522,8808.463867,8807.587827,1025,17.86144494,319.0312153,8807.605938,8858.433594,8858.433594,8713.691406,3080.280641,2.885485649,3.005151845,1025,0.595190998,0.354252325,3.063525736,7.264984131,7.264984131,2.872303486,1426903.144,1392.103691,1392.100628,1025,0.029785672,0.000887186,1392.100628,1392.177675,1392.177675,1392.054333,1362063.999,1328.85179,1328.842926,1025,0.033758435,0.001139632,1328.842927,1328.869354,1328.869354,1328.576926,9694615,9529,9458.160976,1025,380.7865293,144998.3809,9465.823124,10049,10049,8807,2193920,0,2140.409756,1025,7632.610088,58256736.75,7927.048043,32768,32768,0,1
1,TOI-1601,1952544.249,1802.370168,1802.903277,1083,7.118222394,50.66909005,1802.917329,1815.015804,1815.015804,1790.703467,14351157,13304.06348,13251.29917,1083,765.9996949,586755.5326,13273.42025,16579.5625,16579.5625,-142.0144348,4601.423916,3.83970356,4.248775546,1083,2.605717941,6.789765988,4.984160875,43.46560287,43.46560287,3.808395147,454388.6019,419.560899,419.5647293,1083,0.018668072,0.000348497,419.5647298,419.8255577,419.8255577,419.4052105,1048865.638,968.4704405,968.4816599,1083,0.076809413,0.005899686,968.4816629,968.8933221,968.8933221,968.1619799,29913100,27595,27620.59095,1083,341.6769786,116743.1577,27622.70421,28202,28202,27035,503808,0,465.1966759,1083,1598.923881,2556557.578,1665.222365,32768,32768,0,1
1,HD 213885,24473024.09,1338.148372,1338.860118,18279,8.162894236,66.6328423,1338.885002,1353.180133,1353.180133,1325.299712,3152009592,172454.4531,172438.8419,18279,113.1401734,12800.69883,172438.879,176310.8438,176310.8438,171267.1563,814261.7351,44.55064011,44.54629548,18279,0.041903352,0.001755891,44.54631519,44.66601181,44.66601181,44.39136505,32439441.14,1774.684599,1774.683579,18279,0.00959244,9.20149E-05,1774.683579,1774.741197,1774.741197,1774.57435,25026808.31,1369.155683,1369.156317,18279,0.009505998,9.0364E-05,1369.156317,1369.263998,1369.263998,1369.102337,1466130977,79696,80208.48936,18279,5877.311668,34542792.44,80423.53236,90519,90519,70445,3616,0,0.197822638,18279,10.0188691,100.377738,10.02082191,512,512,0,1
1,NGTS-20,1460131.815,1425.994691,1424.518844,1025,7.933012299,62.93268413,1424.540933,1436.827848,1436.827848,1410.952986,7873498.654,7679.565918,7681.462101,1025,15.25056468,232.5797232,7681.47724,7736.938965,7736.938965,7643.008301,2816.169252,2.698433399,2.747482197,1025,0.227384689,0.051703797,2.756875445,4.244503498,4.244503498,2.689673662,325317.4452,317.3840956,317.3828734,1025,0.042642853,0.001818413,317.3828762,317.4396106,317.4396106,317.1820995,1386923.232,1353.100095,1353.095836,1025,0.029989909,0.000899395,1353.095837,1353.149656,1353.149656,1352.89035,9694615,9529,9458.160976,1025,380.7865293,144998.3809,9465.823124,10049,10049,8807,2269184,0,2213.838049,1025,7810.028933,60996551.94,8117.735574,32768,32768,0,1
1,TOI-1181,2070178.375,1697.376147,1696.867521,1220,7.873023195,61.98449423,1696.885785,1710.1784,1710.1784,1683.386339,16798762.55,13775.70996,13769.4775,1220,23.14454676,535.6700447,13769.49695,13796.44629,13796.44629,13663.81641,4780.141507,3.915912867,3.918148777,1220,0.095928285,0.009202236,3.91932291,4.113431454,4.113431454,3.758476019,655980.8359,537.6891889,537.6892097,1220,0.005509435,3.03539E-05,537.6892098,537.700793,537.700793,537.675705,401488.805,329.0903006,329.0891844,1220,0.013234233,0.000175145,329.0891847,329.1137574,329.1137574,329.0580858,27487926,22555.5,22531.08689,1220,377.8995278,142808.0531,22534.2558,23170,23170,21884,11264,0,9.232786885,1220,68.13180264,4641.942532,68.75454083,512,512,0,1
1,HIP 94235,34375155.99,2047.951298,2048.456945,16781,7.185116096,51.62589332,2048.469546,2060.645392,2060.645392,2036.283381,1970125256,117332.6406,117402.1367,16781,768.3432937,590351.4169,117404.6509,119682.875,119682.875,115838.4922,618514.8972,36.81386185,36.85804763,16781,0.206016481,0.04244279,36.85862338,37.8853302,37.8853302,36.55199432,33358710.13,1987.882016,1987.885712,16781,0.020209436,0.000408421,1987.885712,1987.932706,1987.932706,1987.812437,25076081.37,1494.323195,1494.313889,16781,0.026518233,0.000703217,1494.313889,1494.376256,1494.376256,1494.255277,9919552849,590754,591118.1008,16781,5173.387747,26763940.78,591140.7387,599894,599894,582353,1184256,0,70.57124128,16781,1516.126893,2298640.757,1517.768446,32768,32768,0,1
1,TOI-4329,1958345.746,1777.773256,1777.083254,1102,7.395740756,54.69698134,1777.098644,1789.679535,1789.679535,1764.72104,2711908.439,2462.661255,2460.89695,1102,7.933164846,62.93510448,2460.909737,2473.37085,2473.37085,2415.39209,2370.046016,2.022410035,2.150676965,1102,0.324138865,0.105066004,2.174966072,3.81938839,3.81938839,2.008510828,1520508.396,1379.767828,1379.771684,1102,0.009683046,9.37614E-05,1379.771684,1379.785901,1379.785901,1379.74635,1683757.863,1527.90687,1527.910946,1102,0.00836668,7.00013E-05,1527.910946,1527.923166,1527.923166,1527.881312,29072282,26414.5,26381.38113,1102,354.9932464,126020.205,26383.76945,26986,26986,25788,880640,0,799.1288566,1102,2626.297464,6897438.37,2745.185841,32768,32768,0,1
