LABEL,time__sum_values,time__median,time__mean,time__length,time__standard_deviation,time__variance,time__root_mean_square,time__maximum,time__absolute_maximum,time__minimum,flux__sum_values,flux__median,flux__mean,flux__length,flux__standard_deviation,flux__variance,flux__root_mean_square,flux__maximum,flux__absolute_maximum,flux__minimum,flux_err__sum_values,flux_err__median,flux_err__mean,flux_err__length,flux_err__standard_deviation,flux_err__variance,flux_err__root_mean_square,flux_err__maximum,flux_err__absolute_maximum,flux_err__minimum,centroid_col__sum_values,centroid_col__median,centroid_col__mean,centroid_col__length,centroid_col__standard_deviation,centroid_col__variance,centroid_col__root_mean_square,centroid_col__maximum,centroid_col__absolute_maximum,centroid_col__minimum,centroid_row__sum_values,centroid_row__median,centroid_row__mean,centroid_row__length,centroid_row__standard_deviation,centroid_row__variance,centroid_row__root_mean_square,centroid_row__maximum,centroid_row__absolute_maximum,centroid_row__minimum,cadenceno__sum_values,cadenceno__median,cadenceno__mean,cadenceno__length,cadenceno__standard_deviation,cadenceno__variance,cadenceno__root_mean_square,cadenceno__maximum,cadenceno__absolute_maximum,cadenceno__minimum,quality__sum_values,quality__mean,quality__length,quality__standard_deviation,quality__variance,quality__root_mean_square,quality__maximum,quality__absolute_maximum
1,31262075.88,1696.345749,1696.812629,18424,7.894396998,62.32150396,1696.830994,1710.205982,1710.205982,1683.356226,658368240.7,35733.70703,35734.27272,18424,40.07566747,1606.059123,35734.2952,35920.85938,35920.85938,35516.91797,456913.2614,24.72569752,24.79989478,18424,0.312367724,0.097573595,24.80186192,25.61087799,25.61087799,24.3087368,24373701.26,1322.931637,1322.932114,18424,0.011154736,0.000124428,1322.932114,1322.979779,1322.979779,1322.89761,20414873.08,1108.059754,1108.058678,18424,0.018347748,0.00033664,1108.058678,1108.109639,1108.109639,1108.004751,6226126923,337599.5,337935.6775,18424,5684.017755,32308057.84,337983.4762,347579,347579,328247,2560,0.138949197,18424,8.433426459,71.12268183,8.434571045,512,512
1,55682641.9,2839.311979,2839.212824,19612,8.094171604,65.51561396,2839.224362,2853.142897,2853.142897,2825.262717,1092469138,55722.19336,55704.11677,19612,191.9121343,36830.26729,55704.44736,56135.46094,56135.46094,55270.04297,505957.7293,25.67002964,25.79837494,19612,0.456479638,0.20837366,25.80241313,28.78323364,28.78323364,25.52439308,19575225.13,998.1229194,998.124879,19612,0.020367384,0.00041483,998.1248792,998.1728107,998.1728107,998.0897879,17743347.63,904.7291982,904.7189289,19612,0.028813451,0.000830215,904.7189293,904.7665228,904.7665228,904.6567335,22758983602,1160533.5,1160462.146,19612,5827.882529,33964214.77,1160476.78,1170492,1170492,1150418,16619008,847.3897614,19612,4988.254952,24882687.47,5059.719051,32768,32768
1,53071554.06,2811.142211,2810.695586,18882,7.977071918,63.63367639,2810.706906,2824.26789,2824.26789,2797.105159,1703263193,90207.26172,90205.6558,18882,57.27326797,3280.227224,90205.67398,90500.51563,90500.51563,89728.29688,615051.1927,32.54807281,32.57341345,18882,0.258113601,0.066622631,32.57443609,33.23931885,33.23931885,32.1741333,19397172.94,1027.281052,1027.283812,18882,0.010546547,0.00011123,1027.283812,1027.311373,1027.311373,1027.259927,15123786.06,800.9637421,800.9631426,18882,0.019700104,0.000388094,800.9631428,801.0225891,801.0225891,800.9082233,21524157682,1140251.5,1139929.969,18882,5743.442883,32987136.15,1139944.438,1149702,1149702,1130145,2560,0.135578858,18882,8.330545826,69.39799376,8.331649019,512,512
1,1633199.97,1503.870692,1503.867375,1086,7.311641416,53.46010019,1503.88515,1516.078751,1516.078751,1491.662377,31709985.92,29191.56055,29198.88207,1086,26.09794675,681.1028246,29198.89373,29260.35156,29260.35156,29125.21875,5379.047799,4.953585625,4.953082688,1086,0.024952281,0.000622616,4.953145539,5.253757954,5.253757954,4.935995579,1284270.434,1182.571156,1182.56946,1086,0.016796884,0.000282135,1182.569461,1182.617496,1182.617496,1182.547001,722005.5791,664.8178523,664.8301833,1086,0.072408951,0.005243056,664.8301873,664.9454047,664.9454047,664.6923523,14407791,13267,13266.84254,1086,350.963011,123175.0351,13271.48394,13853,13853,12681,196608,181.038674,1086,2428.88869,5899500.269,2435.626258,32768,32768
1,1633199.97,1503.870692,1503.867375,1086,7.311641416,53.46010019,1503.88515,1516.078751,1516.078751,1491.662377,31709985.92,29191.56055,29198.88207,1086,26.09794675,681.1028246,29198.89373,29260.35156,29260.35156,29125.21875,5379.047799,4.953585625,4.953082688,1086,0.024952281,0.000622616,4.953145539,5.253757954,5.253757954,4.935995579,1284270.434,1182.571156,1182.56946,1086,0.016796884,0.000282135,1182.569461,1182.617496,1182.617496,1182.547001,722005.5791,664.8178523,664.8301833,1086,0.072408951,0.005243056,664.8301873,664.9454047,664.9454047,664.6923523,14407791,13267,13266.84254,1086,350.963011,123175.0351,13271.48394,13853,13853,12681,196608,181.038674,1086,2428.88869,5899500.269,2435.626258,32768,32768
1,31262032.71,1696.343383,1696.810286,18424,7.894373676,62.32113574,1696.82865,1710.203635,1710.203635,1683.353958,1312118186,71220.88281,71217.87808,18424,48.89203098,2390.430693,71217.89486,71564.75,71564.75,70818.25,559489.8532,30.32318878,30.36744752,18424,0.164895096,0.027190393,30.36789521,30.83912277,30.83912277,30.06204796,17744009.24,963.0917178,963.0921214,18424,0.004796997,2.30E-05,963.0921214,963.1197925,963.1197925,963.0684234,19791157.43,1074.205172,1074.205245,18424,0.013026319,0.000169685,1074.205245,1074.253411,1074.253411,1074.158889,6226126923,337599.5,337935.6775,18424,5684.017755,32308057.84,337983.4762,347579,347579,328247,3584,0.194528875,18424,9.978022986,99.56094271,9.979919047,512,512
1,31261978.04,1696.340366,1696.807319,18424,7.894616213,62.32496516,1696.825684,1710.201121,1710.201121,1683.350623,881807060.4,47863.41797,47861.86824,18424,38.82916383,1507.703964,47861.88399,48047.53906,48047.53906,47641.96875,501472.0828,27.21959305,27.21841526,18424,0.122856813,0.015093796,27.21869253,27.67100143,27.67100143,26.88819695,4427957.958,240.3360465,240.3364067,18424,0.005489584,3.01E-05,240.3364068,240.3695228,240.3695228,240.3086435,32146677.77,1744.822961,1744.826193,18424,0.017714131,0.00031379,1744.826193,1744.867126,1744.867126,1744.780226,6226126923,337599.5,337935.6775,18424,5684.017755,32308057.84,337983.4762,347579,347579,328247,2048,0.111159357,18424,7.543290699,56.90123457,7.544109687,512,512
1,1899032.143,1611.098974,1610.714286,1179,7.884525383,62.16574051,1610.733584,1623.869653,1623.869653,1596.807225,71883454.65,60971.44141,60969.85127,1179,81.11485535,6579.619759,60969.90523,61108.75391,61108.75391,60707.06641,8323.708226,6.938048363,7.05997305,1179,0.28763837,0.082735832,7.065830121,8.573169708,8.573169708,6.920537949,460331.3044,390.4432804,390.4421581,1179,0.008988048,8.08E-05,390.4421582,390.4551313,390.4551313,390.4183227,1072679.337,909.8222429,909.821321,1179,0.025313053,0.000640751,909.8213214,909.8762815,909.8762815,909.7794355,21688338,18414,18395.5369,1179,378.4583916,143230.7542,18399.42957,19027,19027,17728,8233472,6983.436811,1179,13000.32114,169008349.8,14757.26057,40960,40960
1,11028541.99,3027.117524,3027.324182,3643,22.95052088,526.7264085,3027.411176,3068.144225,3068.144225,2987.581679,5749230106,1577884.25,1578158.141,3643,5073.68206,25742249.64,1578166.296,1587499.125,1587499.125,1568059.125,120686.4805,33.11326981,33.12832296,3643,0.1212727,0.014707068,33.12854493,33.55083084,33.55083084,32.91694641,2670394.674,733.0070664,733.0207724,3643,0.214403828,0.045969002,733.0208037,733.6314583,733.6314583,732.400645,1947961.21,534.7094671,534.7134808,3643,0.039127909,0.001530993,534.7134822,534.8638193,534.8638193,534.6487468,520304626,142813,142823.12,3643,1123.278544,1261754.688,142827.5371,144821,144821,140878,2528256,694.003843,3643,15390.22146,236858916.5,15405.86115,524288,524288
1,31261999.08,1696.341523,1696.808461,18424,7.894587252,62.32450788,1696.826826,1710.202197,1710.202197,1683.351797,368258649.1,19985.78711,19987.98573,18424,77.40279766,5991.193085,19988.1356,20176.13281,20176.13281,19808.41406,327508.4409,17.71933842,17.77618546,18424,0.195859555,0.038360965,17.77726443,18.37726974,18.37726974,17.42926025,28920403.04,1569.713487,1569.713582,18424,0.00409437,1.68E-05,1569.713582,1569.737835,1569.737835,1569.683867,3152873.905,171.1331982,171.1286314,18424,0.019304747,0.000372673,171.1286325,171.1809364,171.1809364,171.0873794,6226126923,337599.5,337935.6775,18424,5684.017755,32308057.84,337983.4762,347579,347579,328247,1024,0.055579679,18424,5.334201569,28.45370638,5.334491118,512,512
1,30936413.18,1638.578939,1639.015268,18875,8.243276701,67.95161077,1639.035997,1652.895484,1652.895484,1624.959382,4778517994,253181.3906,253166.5162,18875,210.7795919,44428.03637,253166.604,254070.3281,254070.3281,251575.625,1021908.759,53.95256805,54.14086138,18875,0.379544762,0.144054226,54.14219173,55.50450516,55.50450516,53.72141266,38746735.29,2052.806837,2052.807168,18875,0.005705355,3.26E-05,2052.807168,2052.835368,2052.835368,2052.783242,32064402.34,1698.7883,1698.776283,18875,0.024067778,0.000579258,1698.776283,1698.833094,1698.833094,1698.702699,5593043602,296006,296320.1908,18875,5935.16134,35226140.13,296379.6242,306314,306314,286200,58129408,3079.703735,18875,7835.61111,61396801.47,8419.107825,40960,40960
1,29290752.25,1611.00291,1610.532372,18187,7.946956042,63.15411033,1610.551978,1623.893382,1623.893382,1596.778991,374251429.7,20588.06445,20577.96391,18187,46.20252768,2134.673564,20578.01578,20730.03711,20730.03711,20440.47852,302511.4205,16.06288147,16.63338761,18187,1.474073748,2.172893416,16.69857709,23.90045547,23.90045547,15.99193859,33974821.47,1868.083453,1868.082777,18187,0.01094592,0.000119813,1868.082777,1868.113647,1868.113647,1868.047653,18921755.32,1040.400114,1040.400029,18187,0.018604227,0.000346117,1040.400029,1040.467615,1040.467615,1040.339999,5016233378,276153,275814.2287,18187,5721.702555,32737880.13,275873.5701,285434,285434,265912,88973312,4892.137901,18187,9049.447666,81892503.07,10287.15297,40960,40960
1,24472942.83,1338.14388,1338.855672,18279,8.162887118,66.6327261,1338.880556,1353.175748,1353.175748,1325.295349,655338149,35865.53125,35851.96942,18279,70.67099726,4994.389854,35852.03907,36020.21484,36020.21484,35639.54688,387958.1256,21.2426548,21.22425328,18279,0.171583106,0.029440762,21.22494683,21.74427795,21.74427795,20.91929245,29386322.75,1607.653814,1607.654836,18279,0.008266386,6.83E-05,1607.654836,1607.69465,1607.69465,1607.542491,24416219.39,1335.75386,1335.752469,18279,0.031297811,0.000979553,1335.75247,1335.845093,1335.845093,1335.646663,1466130977,79696,80208.48936,18279,5877.311668,34542792.44,80423.53236,90519,90519,70445,1536,0.084030855,18279,6.558714555,43.01673662,6.559252839,512,512
1,2070182.552,1697.379595,1696.870944,1220,7.872847655,61.98173019,1696.889208,1710.181476,1710.181476,1683.390008,118991678.6,97530.71094,97534.16275,1220,76.4010157,5837.1152,97534.19267,97793.54688,97793.54688,97152.24219,12060.13684,9.63990593,9.885358064,1220,0.649414865,0.421739667,9.90666663,14.92621803,14.92621803,9.543255806,1851485.504,1517.608068,1517.611069,1220,0.014812378,0.000219407,1517.611069,1517.66558,1517.66558,1517.587295,1529952.648,1254.050537,1254.059548,1220,0.037849471,0.001432582,1254.059548,1254.122631,1254.122631,1254.011851,27487926,22555.5,22531.08689,1220,377.8995278,142808.0531,22534.2558,23170,23170,21884,4427776,3629.32459,1220,9377.905361,87945108.96,10055.70017,32768,32768
1,24472957.25,1338.144681,1338.856461,18279,8.162841827,66.6319867,1338.881345,1353.176445,1353.176445,1325.2962,392200483.2,21454.6582,21456.34243,18279,53.1225602,2822.006402,21456.40819,21600.83398,21600.83398,21314.21289,302443.5154,16.54311752,16.54595522,18279,0.122251933,0.014945535,16.54640685,16.95683289,16.95683289,16.34220695,19758316.61,1080.931007,1080.929843,18279,0.008487013,7.20E-05,1080.929843,1081.030322,1081.030322,1080.879401,27895926.16,1526.119421,1526.118834,18279,0.032683782,0.00106823,1526.118834,1526.221103,1526.221103,1526.047548,1466130977,79696,80208.48936,18279,5877.311668,34542792.44,80423.53236,90519,90519,70445,0,0,18279,0,0,0,0,0
1,20445605.51,1526.755467,1528.986352,13372,7.949833635,63.19985482,1529.00702,1542.004749,1542.004749,1517.351814,710504792.5,53106.83398,53133.7715,13372,1046.659067,1095495.203,53144.07934,98520.52344,98520.52344,52831.81641,336495.4701,25.11296654,25.16418412,13372,0.389860239,0.151991006,25.16720393,33.50261307,33.50261307,25.04767227,6771406.621,506.3844836,506.3869744,13372,0.014399928,0.000207358,506.3869746,506.4829735,506.4829735,506.2964062,1468015.471,109.7885735,109.7827902,13372,0.094840589,0.008994737,109.7828312,109.9003233,109.9003233,109.2517591,2903044617,215492.5,217098.7599,13372,5723.846684,32762420.86,217174.2019,226472,226472,208722,7276688,544.1734969,13372,4084.964239,16686932.84,4121.05055,32768,32768
1,24473000.32,1338.147068,1338.858817,18279,8.162795265,66.63122654,1338.883701,1353.178681,1353.178681,1325.298596,792500307.4,43356.69141,43355.78026,18279,38.32498306,1468.804327,43355.7972,45826.10938,45826.10938,43134.07422,419233.8948,22.93004417,22.93527517,18279,0.055044468,0.003029893,22.93534122,23.1274128,23.1274128,22.82539558,30004768.45,1641.488474,1641.488509,18279,0.007014095,4.92E-05,1641.488509,1641.596947,1641.596947,1641.453953,24730117.9,1352.923387,1352.9251,18279,0.021201446,0.000449501,1352.9251,1353.007601,1353.007601,1352.834769,1466130977,79696,80208.48936,18279,5877.311668,34542792.44,80423.53236,90519,90519,70445,544,0.029760928,18279,3.790565988,14.36839051,3.790682817,512,512
1,24472931.62,1338.14325,1338.855059,18279,8.162992325,66.6344437,1338.879943,1353.175329,1353.175329,1325.294571,3600482759,196996.1406,196973.7272,18279,115.7239042,13392.022,196973.7612,197356.8281,197356.8281,196037.8594,865516.0201,47.37745285,47.35029379,18279,0.082740939,0.006846063,47.35036608,47.49829865,47.49829865,47.15182495,13759540.16,752.7516028,752.7512536,18279,0.009249299,8.55E-05,752.7512536,752.7968224,752.7968224,752.5905029,4517583.066,247.1500236,247.1460729,18279,0.031658468,0.001002259,247.1460749,247.2936573,247.2936573,247.0358667,1466130977,79696,80208.48936,18279,5877.311668,34542792.44,80423.53236,90519,90519,70445,1536,0.084030855,18279,6.558714555,43.01673662,6.559252839,512,512
1,20445610.08,1526.75586,1528.986695,13372,7.949659516,63.19708642,1529.007361,1542.004802,1542.004802,1517.352404,229290872.5,17090.83105,17147.08888,13372,2727.308367,7438210.93,17362.62849,131926.6406,131926.6406,16421.73242,200705.0537,14.80399609,15.00935191,13372,1.430403292,2.046053578,15.07735714,38.61290741,38.61290741,14.48301792,6608125.028,494.2022416,494.1762659,13372,0.067179219,0.004513047,494.1762705,494.3701288,494.3701288,493.7901137,23112406.24,1728.403114,1728.418056,13372,0.059569778,0.003548558,1728.418057,1728.537099,1728.537099,1728.200353,2903044617,215492.5,217098.7599,13372,5723.846684,32762420.86,217174.2019,226472,226472,208722,2085008,155.9234221,13372,783.7769368,614306.2867,799.1360336,4096,4096
1,1633199.011,1503.869801,1503.866492,1086,7.311626045,53.45987542,1503.884266,1516.077856,1516.077856,1491.661533,17419100.24,16044.52881,16039.68714,1086,25.71172422,661.0927625,16039.70775,16091.75488,16091.75488,15968.5459,3962.680755,3.647684813,3.648877306,1086,0.011077476,0.00012271,3.648894121,3.785178185,3.785178185,3.6385746,1528708.366,1407.653749,1407.650429,1086,0.018198501,0.000331185,1407.650429,1407.697091,1407.697091,1407.62361,811097.8542,746.8617745,746.8672691,1086,0.025352694,0.000642759,746.8672695,746.9060307,746.9060307,746.8232735,14407791,13267,13266.84254,1086,350.963011,123175.0351,13271.48394,13853,13853,12681,0,0,1086,0,0,0,0,0
1,31262005.54,1696.341878,1696.808811,18424,7.894572844,62.32428039,1696.827176,1710.202518,1710.202518,1683.352167,374226098.3,20312.09473,20311.88115,18424,25.42318854,646.3385156,20311.89706,20541.54102,20541.54102,20208.66602,362704.1109,19.70154762,19.68650189,18424,0.175585556,0.030830288,19.68728491,20.09177017,20.09177017,19.30020905,14012519.45,760.5582448,760.5579378,18424,0.005713683,3.26E-05,760.5579378,760.5902218,760.5902218,760.5315118,9601318.945,521.1314677,521.131076,18424,0.010730672,0.000115147,521.1310762,521.1742617,521.1742617,521.0959426,6226126923,337599.5,337935.6775,18424,5684.017755,32308057.84,337983.4762,347579,347579,328247,512,0.027789839,18424,3.771952474,14.22762547,3.772054843,512,512
1,31262034.6,1696.343484,1696.810389,18424,7.894420476,62.32187465,1696.828753,1710.203815,1710.203815,1683.35398,1595467869,86599.85938,86597.25731,18424,58.35473225,3405.274776,86597.27698,87054.07031,87054.07031,86199.8125,600693.326,32.56000137,32.60384965,18424,0.167466603,0.028045063,32.60427974,33.0460434,33.0460434,32.2922554,28992808.22,1573.643276,1573.64352,18424,0.005247054,2.75E-05,1573.64352,1573.671083,1573.671083,1573.617745,16594011.86,900.6732471,900.6736788,18424,0.012994642,0.000168861,900.6736789,900.7204685,900.7204685,900.6292031,6226126923,337599.5,337935.6775,18424,5684.017755,32308057.84,337983.4762,347579,347579,328247,3072,0.166739036,18424,9.23810503,85.34258455,9.239609648,512,512
1,31261972.25,1696.340053,1696.807004,18424,7.894538415,62.32373679,1696.825369,1710.20068,1710.20068,1683.350445,381452890.5,20736.16406,20704.12997,18424,172.6164888,29796.45219,20704.84953,20986.4375,20986.4375,20307.72461,331808.0835,18.08471394,18.00955729,18424,0.337770347,0.114088808,18.01272446,18.53951836,18.53951836,17.05861092,23564027.37,1278.985405,1278.98542,18424,0.003980539,1.58E-05,1278.98542,1279.017482,1279.017482,1278.960757,22005559.08,1194.392138,1194.396389,18424,0.018009238,0.000324333,1194.39639,1194.436874,1194.436874,1194.352855,6226126923,337599.5,337935.6775,18424,5684.017755,32308057.84,337983.4762,347579,347579,328247,1536,0.083369518,18424,6.532858697,42.67824275,6.533390638,512,512
1,25030013.46,1367.052652,1367.760298,18300,8.119765616,65.93059366,1367.7844,1381.518594,1381.518594,1354.112851,289351489.8,15813.16797,15811.55682,18300,26.36431701,695.0772113,15811.5788,18015.45898,18015.45898,15690.2959,264055.8904,14.38623571,14.42928363,18300,0.093184275,0.008683309,14.42958452,14.7839098,14.7839098,14.33304787,23231935.22,1269.503857,1269.504657,18300,0.009922,9.84E-05,1269.504657,1269.561257,1269.561257,1269.4597,10094216.18,551.5990779,551.5965123,18300,0.036051099,0.001299682,551.5965135,551.7270725,551.7270725,551.4847817,1848593439,100506.5,101016.0349,18300,5846.190686,34177945.53,101185.0644,110922,110922,91190,528,0.028852459,18300,3.786550587,14.33796535,3.78666051,512,512
1,35342988.75,1883.691346,1884.155493,18758,8.010328603,64.16536433,1884.172521,1897.78499,1897.78499,1870.439093,1017347548,54312.59375,54235.39548,18758,426.6859165,182060.8713,54237.07388,54892.77734,54892.77734,53253.21875,488901.9832,26.08340645,26.06365195,18758,0.119375131,0.014250422,26.06392532,26.82079315,26.82079315,25.83916855,3321777.33,177.0858336,177.0859009,18758,0.010337634,0.000106867,177.0859012,177.1100531,177.1100531,177.0507031,6567507.421,350.1274064,350.1176789,18758,0.028988884,0.000840355,350.1176801,350.1860161,350.1860161,350.0276962,8869170992,472486.5,472820.7161,18758,5767.424041,33263180.06,472855.89,482634,482634,462945,1541632,82.1853076,18758,1638.185719,2683652.45,1640.24598,32768,32768
1,35342988.51,1883.691334,1884.155481,18758,8.010327982,64.16535438,1884.172509,1897.784977,1897.784977,1870.439082,909382672.7,48482.95898,48479.72453,18758,47.6901803,2274.353297,48479.74798,48694.35938,48694.35938,48068.15234,465002.5279,24.76083755,24.78955795,18758,0.096882985,0.009386313,24.78974726,25.57681847,25.57681847,24.66068649,3174682.661,169.2440454,169.2441977,18758,0.009963545,9.93E-05,169.244198,169.2675764,169.2675764,169.2101958,7360182.716,392.3857852,392.3756646,18758,0.02936249,0.000862156,392.3756657,392.4455719,392.4455719,392.2854978,8869170992,472486.5,472820.7161,18758,5767.424041,33263180.06,472855.89,482634,482634,462945,1542656,82.23989764,18758,1638.19151,2683671.424,1640.2545,32768,32768
1,35342983.49,1883.691064,1884.155213,18758,8.010334946,64.16546594,1884.172241,1897.784726,1897.784726,1870.438808,761952596.8,40638.1582,40620.14057,18758,96.64866859,9340.965141,40620.25555,40990.62891,40990.62891,39908.85156,430542.8185,22.92454433,22.95249059,18758,0.108735611,0.011823433,22.95274815,23.78315926,23.78315926,22.76303864,4746938.96,253.0617217,253.0621047,18758,0.009341228,8.73E-05,253.0621049,253.0830943,253.0830943,253.0307764,22970198.28,1224.560944,1224.554765,18758,0.019981477,0.000399259,1224.554765,1224.619279,1224.619279,1224.485969,8869170992,472486.5,472820.7161,18758,5767.424041,33263180.06,472855.89,482634,482634,462945,1543168,82.26719266,18758,1638.194405,2683680.909,1640.25876,32768,32768
1,31262040.29,1696.343802,1696.810697,18424,7.894318648,62.32026692,1696.829061,1710.203947,1710.203947,1683.354457,8475577362,460217.4531,460029.1664,18424,761.0339616,579172.6907,460029.7959,461529.4063,461529.4063,457177.5,1342942.367,72.89711761,72.89092308,18424,0.064034393,0.004100403,72.89095121,73.04156494,73.04156494,72.61502838,3508067.349,190.4077308,190.4074766,18424,0.006686638,4.47E-05,190.4074767,190.4379414,190.4379414,190.3812626,5949006.281,322.8944086,322.8943922,18424,0.0151878,0.000230669,322.8943925,322.9503698,322.9503698,322.8412946,6226126923,337599.5,337935.6775,18424,5684.017755,32308057.84,337983.4762,347579,347579,328247,2560,0.138949197,18424,8.433426459,71.12268183,8.434571045,512,512
1,31262026.22,1696.34301,1696.809934,18424,7.894623076,62.32507351,1696.828299,1710.203708,1710.203708,1683.353187,292106625.1,15854.70898,15854.68004,18424,20.52221957,421.1614962,15854.69333,15934.35352,15934.35352,15743.11914,369941.408,20.06020069,20.07932088,18424,0.102694668,0.010546195,20.0795835,20.47172928,20.47172928,19.86260223,37835859.25,2053.617718,2053.618066,18424,0.010322993,0.000106564,2053.618066,2053.649174,2053.649174,2053.589342,31434578.71,1706.174492,1706.17557,18424,0.008170752,6.68E-05,1706.17557,1706.207507,1706.207507,1706.148138,6226126923,337599.5,337935.6775,18424,5684.017755,32308057.84,337983.4762,347579,347579,328247,0,0,18424,0,0,0,0,0
1,31261975.46,1696.340239,1696.807179,18424,7.894405424,62.32163699,1696.825543,1710.200628,1710.200628,1683.350844,1658531252,90039.57813,90020.15044,18424,163.4375471,26711.83181,90020.29881,90477.28125,90477.28125,89394.55469,620423.8398,33.40264893,33.67476334,18424,0.628095272,0.394503671,33.68062039,36.24966812,36.24966812,33.06118011,15084901.38,818.7636692,818.7636442,18424,0.003454545,1.19E-05,818.7636442,818.7953721,818.7953721,818.7351396,29073872.51,1578.039067,1578.043449,18424,0.019231271,0.000369842,1578.043449,1578.087429,1578.087429,1577.992979,6226126923,337599.5,337935.6775,18424,5684.017755,32308057.84,337983.4762,347579,347579,328247,43191296,2344.295267,18424,8444.925617,71316768.68,8764.273443,32768,32768
1,29275039.86,1750.345558,1751.004238,16719,7.318612274,53.56208562,1751.019533,1763.321994,1763.321994,1738.655125,140744837.4,8417.838867,8418.256918,16719,53.55410708,2868.042385,8418.427263,8578.022461,8578.022461,8131.248047,205960.7317,12.11655998,12.31896236,16719,0.496314342,0.246327926,12.32895622,14.34099483,14.34099483,11.93480301,16752309.5,1001.991542,1001.992314,16719,0.008265445,6.83E-05,1001.992314,1002.022821,1002.022821,1001.952206,354962.8608,21.22881828,21.23110598,16719,0.024387908,0.00059477,21.23111998,21.27954501,21.27954501,21.16759734,6302281589,376479,376953.2621,16719,5269.356868,27766121.81,376990.09,385822,385822,368062,9818112,587.2427777,16719,2919.403464,8522916.588,2977.880231,32768,32768
1,30606528.09,1723.844315,1724.408591,17749,7.694307957,59.20237493,1724.425757,1737.413718,1737.413718,1711.369155,333078341.2,18769.63477,18766.03421,17749,41.45437464,1718.465177,18766.07999,18869.7168,18869.7168,18395.24805,307269.1085,16.61374855,17.31191101,17749,1.439927837,2.073392174,17.37169119,22.59492111,22.59492111,16.20850372,11031768.05,621.5422624,621.5430759,17749,0.01657857,0.000274849,621.5430761,621.6019098,621.6019098,621.5056115,15172464.81,854.8558331,854.8349097,17749,0.041658888,0.001735463,854.8349107,854.9128968,854.9128968,854.751666,6350650908,357397,357803.3077,17749,5539.876394,30690230.46,357846.1921,367167,367167,348415,29667328,1671.492929,17749,4878.206385,23796897.53,5156.625461,32768,32768
1,31261985.21,1696.340769,1696.807708,18424,7.894484687,62.32288848,1696.826073,1710.201283,1710.201283,1683.35123,403394807.2,21895.40723,21895.07204,18424,23.52312177,553.3372576,21895.08468,22023.76172,22023.76172,21745.01563,324915.8605,17.58637047,17.63546789,18424,0.199647476,0.039859115,17.63659794,18.2170372,18.2170372,17.26277733,3303502.316,179.3042527,179.3042942,18424,0.003113036,9.69E-06,179.3042942,179.3287334,179.3287334,179.2778019,28867192.12,1566.830203,1566.825451,18424,0.017989231,0.000323612,1566.825452,1566.872746,1566.872746,1566.785624,6226126923,337599.5,337935.6775,18424,5684.017755,32308057.84,337983.4762,347579,347579,328247,1536,0.083369518,18424,6.532858697,42.67824275,6.533390638,512,512
1,31262009.82,1696.342115,1696.809043,18424,7.894547225,62.32387588,1696.827408,1710.202703,1710.202703,1683.352439,829851653.1,45062.42383,45041.88304,18424,118.2312023,13978.61719,45042.03821,45326.375,45326.375,44456.59766,457439.9418,24.90363312,24.82848142,18424,0.231762849,0.053714018,24.8295631,25.19210434,25.19210434,24.26031685,20448775.13,1109.898779,1109.89878,18424,0.006029331,3.64E-05,1109.898781,1109.928024,1109.928024,1109.87472,17726930.52,962.1655434,962.1651388,18424,0.011151437,0.000124355,962.1651389,962.2104628,962.2104628,962.1269692,6226126923,337599.5,337935.6775,18424,5684.017755,32308057.84,337983.4762,347579,347579,328247,1024,0.055579679,18424,5.334201569,28.45370638,5.334491118,512,512
1,24472983.22,1338.146106,1338.857881,18279,8.162954822,66.63383143,1338.882766,1353.178039,1353.178039,1325.29741,4074535487,222922.9688,222908.0085,18279,115.8063948,13411.12108,222908.0386,225712.9219,225712.9219,221614.6406,922360.2459,50.46253967,50.46010427,18279,0.094709804,0.008969947,50.46019315,50.65060043,50.65060043,50.29664612,5727825.599,313.3555371,313.3555226,18279,0.007043874,4.96E-05,313.3555227,313.3989336,313.3989336,313.2212753,18974934.38,1038.079665,1038.072891,18279,0.027897266,0.000778257,1038.072892,1038.183647,1038.183647,1037.978756,1466130977,79696,80208.48936,18279,5877.311668,34542792.44,80423.53236,90519,90519,70445,2576,0.140926747,18279,8.467613268,71.70047446,8.468785911,512,512
1,24472950.36,1338.144297,1338.856084,18279,8.162879412,66.6326003,1338.880968,1353.17614,1353.17614,1325.295767,2784555481,152339.2344,152336.3138,18279,90.86097001,8255.715871,152336.3409,152676.3125,152676.3125,151478.3438,764140.2858,41.82009506,41.80427189,18279,0.064811911,0.004200584,41.80432213,41.98655701,41.98655701,41.66706085,27818923.01,1521.905281,1521.906177,18279,0.007697227,5.92E-05,1521.906177,1521.946166,1521.946166,1521.796487,37226458.3,2036.568824,2036.569741,18279,0.036478946,0.001330714,2036.569742,2036.65197,2036.65197,2036.454007,1466130977,79696,80208.48936,18279,5877.311668,34542792.44,80423.53236,90519,90519,70445,3072,0.16806171,18279,9.274661765,86.01935086,9.276184323,512,512
1,24577779.43,1504.708332,1503.871959,16343,7.307361335,53.39752967,1503.889713,1516.089013,1516.089013,1491.634439,700452289.4,42876.10156,42859.46823,16343,74.86697758,5605.064332,42859.53362,43054.55859,43054.55859,42527.39453,373920.6314,22.88085365,22.87955892,16343,0.031877638,0.001016184,22.87958113,23.19648552,23.19648552,22.79597473,7937049.765,485.6531338,485.6543943,16343,0.00947492,8.98E-05,485.6543943,485.6808367,485.6808367,485.6332814,13027842.58,797.1521751,797.1512319,16343,0.020884373,0.000436157,797.1512322,797.2028667,797.2028667,797.0867838,3252548414,199620,199017.8311,16343,5261.212801,27680360.14,199087.3614,207814,207814,190207,1024,0.062656795,16343,5.663598957,32.07635314,5.663945535,512,512
1,20445611.96,1526.755949,1528.986835,13372,7.94985099,63.20013077,1529.007502,1542.005254,1542.005254,1517.352264,1196306080,89438.57031,89463.51183,13372,1390.807675,1934345.988,89474.32199,148063,148063,88456.75781,431804.5371,32.23973465,32.29169437,13372,0.417349002,0.17418019,32.29439124,40.85032654,40.85032654,32.0633316,19202581.92,1436.031232,1436.029159,13372,0.025980695,0.000674997,1436.02916,1436.160199,1436.160199,1435.866559,25123541.81,1878.833926,1878.817066,13372,0.061978483,0.003841332,1878.817067,1879.014463,1879.014463,1878.692973,2903044617,215492.5,217098.7599,13372,5723.846684,32762420.86,217174.2019,226472,226472,208722,8476304,633.8845348,13372,4428.685304,19613253.52,4473.819747,32768,32768
1,20445614.27,1526.756116,1528.987008,13372,7.949876338,63.20053378,1529.007675,1542.005467,1542.005467,1517.352398,463834203,34650.45703,34686.973,13372,1057.300897,1117885.186,34703.08317,79587.04688,79587.04688,33996.16016,277080.73,20.66019726,20.72096395,13372,0.450190954,0.202671895,20.72585388,30.06003571,30.06003571,20.47887802,14608107.96,1092.446307,1092.440021,13372,0.051649469,0.002667668,1092.440022,1092.661755,1092.661755,1092.145516,3162762.836,236.5619692,236.5213009,13372,0.119185551,0.014205196,236.521331,236.938016,236.938016,236.0310312,2903044617,215492.5,217098.7599,13372,5723.846684,32762420.86,217174.2019,226472,226472,208722,5645456,422.1848639,13372,3477.038034,12089793.49,3502.575274,32768,32768
1,25029986.23,1367.051149,1367.75881,18300,8.11976331,65.9305562,1367.782912,1381.517126,1381.517126,1354.11139,3829895082,209285.8828,209283.8843,18300,82.5457639,6813.803138,209283.9006,211891.75,211891.75,208960.8438,893151.8227,48.7959938,48.80611053,18300,0.029694239,0.000881748,48.80611956,48.93006897,48.93006897,48.75888443,24293542.15,1327.516959,1327.515964,18300,0.011306004,0.000127826,1327.515964,1327.560007,1327.560007,1327.47722,1714027.454,93.66219995,93.66270238,18300,0.015935541,0.000253941,93.66270374,93.73794686,93.73794686,93.57640823,1848593439,100506.5,101016.0349,18300,5846.190686,34177945.53,101185.0644,110922,110922,91190,1040,0.056830601,18300,5.353538721,28.66037684,5.353840356,512,512
1,25030005.79,1367.052241,1367.759879,18300,8.119637316,65.92851015,1367.78398,1381.517966,1381.517966,1354.112654,874038305.5,47761.33008,47761.65604,18300,48.4754094,2349.865316,47761.68064,52669.0625,52669.0625,47575.02734,437698.0357,23.89039326,23.91792545,18300,0.066031224,0.004360123,23.91801659,24.43690872,24.43690872,23.84140396,13034517.08,712.2685004,712.2686931,18300,0.011717046,0.000137289,712.2686932,712.3065108,712.3065108,712.2250161,32464943.68,1774.041885,1774.040638,18300,0.019919647,0.000396792,1774.040638,1774.103663,1774.103663,1773.960577,1848593439,100506.5,101016.0349,18300,5846.190686,34177945.53,101185.0644,110922,110922,91190,528,0.028852459,18300,3.786550587,14.33796535,3.78666051,512,512
